﻿ParentID,ID,Name,Description,IsExcluded,Processor,Accessories,Period,Inputs,Outputs
null,b622a27a-1abb-4a3a-a68e-520ef3c091fe,Smelt Copper,,False,97ed859a-27e1-4eea-aabe-b0dd3ea95e81,,16,,
,,,,,,,,+  87f39cd1-fe54-4ae7-9754-2c4f3cd09dc7|4;0.0;0.0,+  8145f639-d9be-4cd0-aa4f-df2371968d3a|1.0;0.0;0.0
,,,,,,,,+  2d4da9b5-cb39-446d-8268-1e461ff6e450|3.5*16;0.0;0.0,
null,0c1c0583-67f1-4028-82ea-c190edc88da8,Smelt Tin,,False,97ed859a-27e1-4eea-aabe-b0dd3ea95e81,,16,,
,,,,,,,,+  6e3ab857-7080-41b2-a623-b7655b9b675c|4;0.0;0.0,+  2f8bdbbe-8d1e-4008-a1a1-e8ab74e5227d|1.0;0.0;0.0
,,,,,,,,+  2d4da9b5-cb39-446d-8268-1e461ff6e450|3.5*16;0.0;0.0,
null,41936aba-2087-46d5-9995-86b5028d8713,Make Conveyor Belt,,False,54921ba6-55e5-4eef-85c5-02ae8f181ef6,,16,,
,,,,,,,,+  730545f7-48d8-43a0-8768-c08d06e58099|2;0.0;0.0,+  0d5e53bd-6e6a-4645-abb9-b014592a7949|1.0;0.0;0.0
,,,,,,,,+  8f1721f8-7968-41ae-b231-b0e9ed549e18|2;0.0;0.0,
,,,,,,,,+  2d4da9b5-cb39-446d-8268-1e461ff6e450|100;0.0;0.0,
null,a717ff59-5ff8-4002-a118-bf06e23ec7b4,Mine Copper Ore,,False,d6fd4a97-52c2-4b90-8c9b-a0e2d9cdc994,,15,,
,,,,,,,,+  2d4da9b5-cb39-446d-8268-1e461ff6e450|6;0.0;0.0,+  87f39cd1-fe54-4ae7-9754-2c4f3cd09dc7|2;0.0;0.0
null,242ff8a2-a0e4-43e3-9d44-9f2af5cb4fa8,Mine Tin Ore,,False,d6fd4a97-52c2-4b90-8c9b-a0e2d9cdc994,,15,,
,,,,,,,,+  2d4da9b5-cb39-446d-8268-1e461ff6e450|6;0.0;0.0,+  6e3ab857-7080-41b2-a623-b7655b9b675c|2;0.0;0.0
null,91f55da6-c6d4-442d-aeee-8e9de190ab6c,Make Tin Plate,,False,2967765d-77f4-4f1d-9303-db3b7fd02d3f,,8,,
,,,,,,,,+  2f8bdbbe-8d1e-4008-a1a1-e8ab74e5227d|1;0.0;0.0,+  730545f7-48d8-43a0-8768-c08d06e58099|1;0.0;0.0
null,2eb4f4ef-d4fd-422f-b3f6-b3e64f658eba,Make Copper Wire,,False,c9c46dc9-2b67-4ad8-a921-00ef3ca0cfa5,,8,,
,,,,,,,,+  8145f639-d9be-4cd0-aa4f-df2371968d3a|1;0.0;0.0,+  8f1721f8-7968-41ae-b231-b0e9ed549e18|1;0.0;0.0
null,2753c607-b53f-4821-ba67-89d559d775dc,Make Lightweight Machine Housing,,False,2f8ea4c6-b2e3-4742-b79e-279abd40c567,,16,,
,,,,,,,,+  730545f7-48d8-43a0-8768-c08d06e58099|6;0.0;0.0,+  37074be2-d185-4e19-baa5-f53edbcacaf7|1.0;0.0;0.0
null,ae8b3ac2-7ea7-46f8-a343-cc83bb35c2df,Smelt Iron,,False,97ed859a-27e1-4eea-aabe-b0dd3ea95e81,,16,,
,,,,,,,,+  8c28db0c-a725-443a-9f50-2a017c6aa15f|4;0.0;0.0,+  de85ea7f-2b07-407b-9839-89546c1c0027|1.0;0.0;0.0
,,,,,,,,+  2d4da9b5-cb39-446d-8268-1e461ff6e450|3.5*16;0.0;0.0,
null,87eb1f2e-f4f6-4e72-b9d3-458f233e948f,Make Iron Plate,,False,2967765d-77f4-4f1d-9303-db3b7fd02d3f,,8,,
,,,,,,,,+  de85ea7f-2b07-407b-9839-89546c1c0027|1;0.0;0.0,+  d028362a-728f-4a27-8a2c-80d025cf6195|1;0.0;0.0
null,011abece-9011-45d3-b6b0-8e9d7df44073,Make Iron Gear,,False,041b8109-73d3-45c2-a7df-ecb67d06e06f,,8,,
,,,,,,,,+  d028362a-728f-4a27-8a2c-80d025cf6195|1;0.0;0.0,+  df566582-7dc6-4edc-97b3-5291fe7c2914|1.0;0.0;0.0
null,998a7748-982e-465c-904b-5fca827f095f,Make Storage Hopper,,False,54921ba6-55e5-4eef-85c5-02ae8f181ef6,,16,,
,,,,,,,,+  37074be2-d185-4e19-baa5-f53edbcacaf7|2;0.0;0.0,+  b4f5c914-4178-41b4-87fe-daca4d5cd93d|1.0;0.0;0.0
,,,,,,,,+  df566582-7dc6-4edc-97b3-5291fe7c2914|10;0.0;0.0,
,,,,,,,,+  2d4da9b5-cb39-446d-8268-1e461ff6e450|100;0.0;0.0,
null,0fc594e0-4c56-48b4-9f53-0f6902c29822,Make Mini Hopper,,False,54921ba6-55e5-4eef-85c5-02ae8f181ef6,,16,,
,,,,,,,,+  8145f639-d9be-4cd0-aa4f-df2371968d3a|2;0.0;0.0,+  ab8080ac-4a3c-4fdd-b32b-35cbf86a322a|1.0;0.0;0.0
,,,,,,,,+  2f8bdbbe-8d1e-4008-a1a1-e8ab74e5227d|2;0.0;0.0,
,,,,,,,,+  2d4da9b5-cb39-446d-8268-1e461ff6e450|100;0.0;0.0,
null,4df8f592-765b-47d2-89f1-9a705aaa3476,Mine Iron Ore,,False,d6fd4a97-52c2-4b90-8c9b-a0e2d9cdc994,,15,,
,,,,,,,,+  2d4da9b5-cb39-446d-8268-1e461ff6e450|6;0.0;0.0,+  8c28db0c-a725-443a-9f50-2a017c6aa15f|2;0.0;0.0
null,b35e6e38-5b2f-49aa-b752-92ed4bc0f431,Make Copper Coil,,False,1285d80d-7888-4816-8fe9-7623853895f1,,8,,
,,,,,,,,+  8f1721f8-7968-41ae-b231-b0e9ed549e18|1.0;0.0;0.0,+  75a5d588-2038-4b51-afd2-030904be6583|1.0;0.0;0.0
null,2127052f-cc99-40a6-bb01-fb2cc8706a4a,Make Primary PCB,,False,98413d48-326c-4b07-946c-87b5a57ccd0c,,8,,
,,,,,,,,+  9b78f961-a0b2-4530-b39c-f16869e9cc48|1.0;0.0;0.0,+  c907d5d4-a458-4e02-bcbd-55b054c1e02f|1.0;0.0;0.0
null,44ac50dc-759c-46e5-b89f-9ffc8232eec8,Make Lithum Coil,,False,1285d80d-7888-4816-8fe9-7623853895f1,,8,,
,,,,,,,,+  032bedca-52ba-4411-a652-2528330584bb|1.0;0.0;0.0,+  fc8b9e55-7429-41f6-a4e4-c2485ce26ac2|1.0;0.0;0.0
null,98a92464-db6d-4a18-8ef1-f1945324c764,Make Lithum Wire,,False,c9c46dc9-2b67-4ad8-a921-00ef3ca0cfa5,,8,,
,,,,,,,,+  2bfc67d5-4447-4208-926b-a0ba98e90df9|1;0.0;0.0,+  032bedca-52ba-4411-a652-2528330584bb|1;0.0;0.0
null,5cc8e883-0cb7-4965-80d2-0794b2e5dc68,Make ServoMotor,,False,cf098e8c-2af9-4fe6-a88a-46c59bac9f2d,,8,,
,,,,,,,,+  8f1721f8-7968-41ae-b231-b0e9ed549e18|1;0.0;0.0,+  0c4e1e96-1f4b-4a41-ba81-9e239a948fe0|1;0.0;0.0
null,260f4d8e-b6f5-44b6-9948-0815cadf14cc,Make ,,False,67cf60c2-80c0-4834-96dc-2822f9a17ae3,,16,,
,,,,,,,,+  262980b9-7dd9-420f-bb67-14bccc773e93|6;0.0;0.0,+  f1de2283-7299-4087-998c-84127eaccad4|1.0;0.0;0.0
,,,,,,,,+  c907d5d4-a458-4e02-bcbd-55b054c1e02f|2;0.0;0.0,
,,,,,,,,+  2d4da9b5-cb39-446d-8268-1e461ff6e450|1875;0.0;0.0,
null,dfc9dfd2-88e1-4a54-8c86-bfe5b6953940,Coal Enrich,,False,3f94c9b3-c30d-4f00-ac51-e3d79732f860,,15,,
,,,,,,,,+  3927e6a6-a040-40fb-a8f2-6078974540a2|1.0;0.0;0.0,+  4309da8a-e1e6-4863-a42e-e26e40512367|1.0;0.0;0.0
,,,,,,,,+  2d4da9b5-cb39-446d-8268-1e461ff6e450|1.5;0.0;0.0,
null,9b1af0bc-698f-4e4a-93de-af8a9f648023,Mine Coal,,False,d6fd4a97-52c2-4b90-8c9b-a0e2d9cdc994,,15,,
,,,,,,,,+  2d4da9b5-cb39-446d-8268-1e461ff6e450|6;0.0;0.0,+  3927e6a6-a040-40fb-a8f2-6078974540a2|2;0.0;0.0
null,66ff0760-57c3-44db-afbb-41e52dcc1d9f,Power Generate -Pyro -Enriched Coal,,False,8d06d93b-02c9-439d-9d78-7372e9c5d1a0,,10,,
,,,,,,,,+  4309da8a-e1e6-4863-a42e-e26e40512367|1.0;0.0;0.0,+  2d4da9b5-cb39-446d-8268-1e461ff6e450|640;0.0;0.0
null,f8c93452-024e-46d2-bea8-ed36a72ec895,Charge Lithium Coil,,False,95f1a354-8825-4f57-998f-f3c0b13e53c5,,16,,
,,,,,,,,+  fc8b9e55-7429-41f6-a4e4-c2485ce26ac2|5;0.0;0.0,+  94bdd632-af55-45a4-b4ef-ca9fb28bb412|1.0;0.0;0.0
,,,,,,,,+  2d4da9b5-cb39-446d-8268-1e461ff6e450|500;0.0;0.0,
null,fa63d774-b350-4c1a-817f-061e7c3c6b13,Smelt Gold,,False,97ed859a-27e1-4eea-aabe-b0dd3ea95e81,,16,,
,,,,,,,,+  9b3f4019-fb57-4968-a4f0-7807bb51feef|4;0.0;0.0,+  a0438edc-2eb8-4c46-85d8-95915bfad055|1.0;0.0;0.0
,,,,,,,,+  2d4da9b5-cb39-446d-8268-1e461ff6e450|3.5*16;0.0;0.0,
null,7962b28b-936e-464c-87c0-a81f3f01da43,Make Gold Wire,,False,c9c46dc9-2b67-4ad8-a921-00ef3ca0cfa5,,8,,
,,,,,,,,+  a0438edc-2eb8-4c46-85d8-95915bfad055|1;0.0;0.0,+  18e97570-c5df-4eb4-a3e8-4bb1bbea0bf0|1;0.0;0.0
null,32a39bc9-7c2b-44c0-a92b-7c1b103ef68c,Gold Foil Crafter,,False,6ccf3952-5788-41a7-b78a-2044a5085951,,16,,
,,,,,,,,+  18e97570-c5df-4eb4-a3e8-4bb1bbea0bf0|5;0.0;0.0,+  a6fd80b5-c3a6-440a-9708-09b164008212|1.0;0.0;0.0
null,fca629aa-bd22-4be0-b2dc-f732e5831a36,Smelt Titanium,,False,97ed859a-27e1-4eea-aabe-b0dd3ea95e81,,16,,
,,,,,,,,+  df44efb6-d60e-4d6f-a854-5fad251c4db1|4;0.0;0.0,+  9041d553-acbe-45fc-8f7b-f9b2f5a43afe|1.0;0.0;0.0
,,,,,,,,+  2d4da9b5-cb39-446d-8268-1e461ff6e450|3.5*16;0.0;0.0,
null,c7af506f-726c-48a9-9eda-c6ee78804016,Make Titanium Plate,,False,2967765d-77f4-4f1d-9303-db3b7fd02d3f,,8,,
,,,,,,,,+  9041d553-acbe-45fc-8f7b-f9b2f5a43afe|1;0.0;0.0,+  b421e574-7dbe-447e-923e-e410f1677f11|1;0.0;0.0
null,94c041c7-083a-4740-afb3-5f09d259a87c,Make Titanium Housing,,False,7b4bb34d-090e-4cc5-94e5-5acf3e1db831,,16,,
,,,,,,,,+  b421e574-7dbe-447e-923e-e410f1677f11|6;0.0;0.0,+  8f2f0023-4940-4480-8add-1e752e427fbf|1.0;0.0;0.0
,,,,,,,,+  2d4da9b5-cb39-446d-8268-1e461ff6e450|16*25;0.0;0.0,
null,9242b382-67ff-4228-982f-78fefa1e7884,Mine Lithium Ore,,False,d6fd4a97-52c2-4b90-8c9b-a0e2d9cdc994,,15,,
,,,,,,,,+  2d4da9b5-cb39-446d-8268-1e461ff6e450|6;0.0;0.0,+  9423d4ed-62a2-416d-98e6-5391eb5553a5|2;0.0;0.0
null,76b7c349-79ca-4e5b-9d61-764072461bdc,Smelt Lithium,,False,97ed859a-27e1-4eea-aabe-b0dd3ea95e81,,16,,
,,,,,,,,+  9423d4ed-62a2-416d-98e6-5391eb5553a5|4;0.0;0.0,+  2bfc67d5-4447-4208-926b-a0ba98e90df9|1.0;0.0;0.0
,,,,,,,,+  2d4da9b5-cb39-446d-8268-1e461ff6e450|3.5*16;0.0;0.0,
null,318aca87-f57a-49ef-adda-ee9156960a1b,Mine Titanium Ore,,False,d6fd4a97-52c2-4b90-8c9b-a0e2d9cdc994,,15,,
,,,,,,,,+  2d4da9b5-cb39-446d-8268-1e461ff6e450|6;0.0;0.0,+  df44efb6-d60e-4d6f-a854-5fad251c4db1|2;0.0;0.0
null,5d43b0e2-acbb-4c76-b59e-5d4b0412942a,Mine Gold Ore,,False,d6fd4a97-52c2-4b90-8c9b-a0e2d9cdc994,,15,,
,,,,,,,,+  2d4da9b5-cb39-446d-8268-1e461ff6e450|6;0.0;0.0,+  9b3f4019-fb57-4968-a4f0-7807bb51feef|2;0.0;0.0
null,174fa051-0ff3-4b10-a0e1-683473b798e0,Mine Nickel Ore,,False,d6fd4a97-52c2-4b90-8c9b-a0e2d9cdc994,,15,,
,,,,,,,,+  2d4da9b5-cb39-446d-8268-1e461ff6e450|6;0.0;0.0,+  18b74131-837b-4449-804e-79dea9f39b38|2;0.0;0.0
null,c47c372c-2910-4179-b226-cbbddc886866,Smelt Nickel,,False,97ed859a-27e1-4eea-aabe-b0dd3ea95e81,,16,,
,,,,,,,,+  18b74131-837b-4449-804e-79dea9f39b38|4;0.0;0.0,+  a5ba2215-cff0-4633-b838-f02be291a509|1.0;0.0;0.0
,,,,,,,,+  2d4da9b5-cb39-446d-8268-1e461ff6e450|3.5*16;0.0;0.0,
null,35ed770d-5764-464f-97d2-2b85587acb51,Make Tin Wire,,False,c9c46dc9-2b67-4ad8-a921-00ef3ca0cfa5,,8,,
,,,,,,,,+  2f8bdbbe-8d1e-4008-a1a1-e8ab74e5227d|1;0.0;0.0,+  72147be4-c471-45df-ac16-61de93f76aa4|1;0.0;0.0
null,9569c929-2167-4688-a343-864fdc7d989a,Make Iron Wire,,False,c9c46dc9-2b67-4ad8-a921-00ef3ca0cfa5,,8,,
,,,,,,,,+  de85ea7f-2b07-407b-9839-89546c1c0027|1;0.0;0.0,+  4860a91d-2a74-4082-bc6b-586dcd46b611|1;0.0;0.0
null,2ce93b0a-78b8-40f0-af45-e7e7ecd0d2f4,Make Titanium Wire,,False,c9c46dc9-2b67-4ad8-a921-00ef3ca0cfa5,,8,,
,,,,,,,,+  9041d553-acbe-45fc-8f7b-f9b2f5a43afe|1;0.0;0.0,+  cb22b984-4192-40e1-bb08-558accd77769|1;0.0;0.0
null,ce5a9818-db84-4abe-a159-a78bcb0cfbef,Make Nickel Wire,,False,c9c46dc9-2b67-4ad8-a921-00ef3ca0cfa5,,8,,
,,,,,,,,+  a5ba2215-cff0-4633-b838-f02be291a509|1;0.0;0.0,+  126fd3da-6e85-42e4-b010-641fe3d42e84|1;0.0;0.0
null,fc54af06-1b31-462a-ac89-6a3a2f1c46ae,Make Power Storage Block MK1,,False,54921ba6-55e5-4eef-85c5-02ae8f181ef6,,16,,
,,,,,,,,+  94bdd632-af55-45a4-b4ef-ca9fb28bb412|1;0.0;0.0,+  eedd368b-2578-48fb-b382-e7daaea65364|1.0;0.0;0.0
,,,,,,,,+  8f1721f8-7968-41ae-b231-b0e9ed549e18|4;0.0;0.0,
,,,,,,,,+  37074be2-d185-4e19-baa5-f53edbcacaf7|1;0.0;0.0,
,,,,,,,,+  2d4da9b5-cb39-446d-8268-1e461ff6e450|100;;,
null,227afa20-000f-4e73-8f3d-32d93e30a1ea,Make Primary Upgrade Module Maker,,False,54921ba6-55e5-4eef-85c5-02ae8f181ef6,,16,,
,,,,,,,,+  37074be2-d185-4e19-baa5-f53edbcacaf7|1;0.0;0.0,+  0e5bf099-3fa3-4b9a-925f-d559524d2d4a|1.0;0.0;0.0
,,,,,,,,+  2d4da9b5-cb39-446d-8268-1e461ff6e450|100;;,
null,e19bc016-52b9-4408-9ef2-86db2ef71ecb,Make Primary Upgrade Module,,False,0e5bf099-3fa3-4b9a-925f-d559524d2d4a,,8,,
,,,,,,,,+  c907d5d4-a458-4e02-bcbd-55b054c1e02f|10;0.0;0.0,+  0beab949-f39f-4d8d-b2be-5ebfa258395f|1.0;0.0;0.0
,,,,,,,,+  2d4da9b5-cb39-446d-8268-1e461ff6e450|5*8;0.0;0.0,
null,11fa79c2-1b1e-481e-88df-16ee60b66a7f,Make Secondary Upgrade Module Maker,,False,54921ba6-55e5-4eef-85c5-02ae8f181ef6,,16,,
,,,,,,,,+  8f2f0023-4940-4480-8add-1e752e427fbf|1;0.0;0.0,+  16440b23-bcb0-4902-aa57-b861926352a5|1.0;0.0;0.0
,,,,,,,,+  2d4da9b5-cb39-446d-8268-1e461ff6e450|100;;,
null,4925c6f9-4ddd-4de1-a48d-379811d1fe6b,Make Basic PCB,,False,98413d48-326c-4b07-946c-87b5a57ccd0c,,8,,
,,,,,,,,+  75a5d588-2038-4b51-afd2-030904be6583|1.0;0.0;0.0,+  dd329013-47bf-4628-a324-e60943594fd4|1.0;0.0;0.0
null,fcdf987c-5ffc-4b93-bf98-d707e1b1dfa5,Make Hardened PCB,,False,98413d48-326c-4b07-946c-87b5a57ccd0c,,8,,
,,,,,,,,+  84515a2c-48bf-49a3-a95d-51be6d36f6f7|1.0;0.0;0.0,+  8c11ef3c-316d-4f2e-a7cf-feda21eb63bb|1.0;0.0;0.0
null,4237d4bb-e5cd-4155-94cf-71a05ac18d9c,Make Charged PCB,,False,98413d48-326c-4b07-946c-87b5a57ccd0c,,8,,
,,,,,,,,+  fc8b9e55-7429-41f6-a4e4-c2485ce26ac2|1.0;0.0;0.0,+  eee48c10-9a50-434c-8dde-0ea3601b8ce2|1.0;0.0;0.0
null,e8fb48eb-8c03-4060-95b6-fb86c567e830,Make Conductive PCB,,False,98413d48-326c-4b07-946c-87b5a57ccd0c,,8,,
,,,,,,,,+  72354ded-227e-4476-b7f6-0f2bde7a8a6d|1.0;0.0;0.0,+  19c4f3bb-4646-4ce7-82ab-21abcd032a86|1.0;0.0;0.0
null,fc80d306-d825-4c19-aa97-6f811b3f20c9,Make Lightweight PCB,,False,98413d48-326c-4b07-946c-87b5a57ccd0c,,8,,
,,,,,,,,+  982140d3-9be8-472a-aa51-3e5c6c535e38|1.0;0.0;0.0,+  6ab30a93-906f-45c3-8a88-ce62fdd04eb1|1.0;0.0;0.0
null,e095e0df-93be-4ef1-b34d-99069f274f99,Make Fortified PCB,,False,98413d48-326c-4b07-946c-87b5a57ccd0c,,8,,
,,,,,,,,+  5465e474-b595-4e20-adaf-d3bff6ef55c9|1.0;0.0;0.0,+  4ce0c557-1470-4752-8ca6-9686be97e9aa|1.0;0.0;0.0
null,400f007a-fcca-4c56-9055-7c8ace9ee973,Make Secondary Upgrade Module,,False,16440b23-bcb0-4902-aa57-b861926352a5,,8,,
,,,,,,,,+  4ce0c557-1470-4752-8ca6-9686be97e9aa|5;0.0;0.0,+  7f8bb47b-cf69-460f-9275-261f4179f478|1.0;0.0;0.0
,,,,,,,,+  2d4da9b5-cb39-446d-8268-1e461ff6e450|150*8;0.0;0.0,
null,c798b5ee-b8d8-4837-87a5-bc639f0805af,Make Power Storage Block MK2,,False,54921ba6-55e5-4eef-85c5-02ae8f181ef6,,16,,
,,,,,,,,+  eedd368b-2578-48fb-b382-e7daaea65364|4;0.0;0.0,+  c513a0cc-ce0c-460a-a9d7-b4ed854af63d|1.0;0.0;0.0
,,,,,,,,+  0beab949-f39f-4d8d-b2be-5ebfa258395f|1;0.0;0.0,
,,,,,,,,+  2d4da9b5-cb39-446d-8268-1e461ff6e450|100;;,
null,48fd2651-14d6-44fa-9d71-5c2991dc7642,Make Mini Hopper,,False,54921ba6-55e5-4eef-85c5-02ae8f181ef6,,16,,
,,,,,,,,+  8145f639-d9be-4cd0-aa4f-df2371968d3a|2;0.0;0.0,+  922565f2-72cc-4ff5-856f-351cddab9795|1.0;0.0;0.0
,,,,,,,,+  2f8bdbbe-8d1e-4008-a1a1-e8ab74e5227d|2;0.0;0.0,
,,,,,,,,+  2d4da9b5-cb39-446d-8268-1e461ff6e450|100;;,
null,30468f05-f16b-424e-9e12-1535e895f9c9,Make Logistics Hopper,,False,54921ba6-55e5-4eef-85c5-02ae8f181ef6,,16,,
,,,,,,,,+  8145f639-d9be-4cd0-aa4f-df2371968d3a|2;0.0;0.0,+  eea62078-37ad-4815-8903-94307482d85a|1.0;0.0;0.0
,,,,,,,,+  2f8bdbbe-8d1e-4008-a1a1-e8ab74e5227d|2;0.0;0.0,
,,,,,,,,+  2d4da9b5-cb39-446d-8268-1e461ff6e450|100;;,
null,c793891b-b95f-47bd-958f-1d0e36078fe8,Make Storage Hopper,,False,54921ba6-55e5-4eef-85c5-02ae8f181ef6,,16,,
,,,,,,,,+  37074be2-d185-4e19-baa5-f53edbcacaf7|2;0.0;0.0,+  7e55ef9c-8989-4f42-8095-63f9b42723de|1.0;0.0;0.0
,,,,,,,,+  df566582-7dc6-4edc-97b3-5291fe7c2914|10;0.0;0.0,
,,,,,,,,+  2d4da9b5-cb39-446d-8268-1e461ff6e450|100;;,
null,9bba479e-740a-4bbb-be35-7b5ce3375c20,Make Directional Storage Hopper,,False,54921ba6-55e5-4eef-85c5-02ae8f181ef6,,16,,
,,,,,,,,+  7e55ef9c-8989-4f42-8095-63f9b42723de|1;0.0;0.0,+  728c4758-6fd5-4843-a667-9fe832d7cfe7|1.0;0.0;0.0
,,,,,,,,+  0beab949-f39f-4d8d-b2be-5ebfa258395f|1;0.0;0.0,
,,,,,,,,+  2d4da9b5-cb39-446d-8268-1e461ff6e450|100;;,
null,2d3e5514-091a-4aae-a6fb-0d42a2a1b845,Make MK1 Power Booster,,False,06d04ca6-66e1-42e9-8b38-cf0fc266b3d0,,5,,
,,,,,,,,+  75a5d588-2038-4b51-afd2-030904be6583|1;0.0;0.0,+  e8d6a946-a548-4422-a36d-42a0414ff1cf|1.0;0.0;0.0
,,,,,,,,+  2d4da9b5-cb39-446d-8268-1e461ff6e450|500;;,
null,9b9b14fe-d8f8-4db0-96fd-37f834fead27,Make MK1 PowerCore Charger,,False,54921ba6-55e5-4eef-85c5-02ae8f181ef6,,16,,
,,,,,,,,+  8f1721f8-7968-41ae-b231-b0e9ed549e18|5;0.0;0.0,+  06d04ca6-66e1-42e9-8b38-cf0fc266b3d0|1.0;0.0;0.0
,,,,,,,,+  eedd368b-2578-48fb-b382-e7daaea65364|1;0.0;0.0,
,,,,,,,,+  2d4da9b5-cb39-446d-8268-1e461ff6e450|100;;,
null,3c0fc305-e464-412c-81b0-b96ff57b8fe6,Make MK2 PowerCore Charger,,False,54921ba6-55e5-4eef-85c5-02ae8f181ef6,,16,,
,,,,,,,,+  e8d6a946-a548-4422-a36d-42a0414ff1cf|8;0.0;0.0,+  71a53ea9-7a98-4145-9e6c-f5f6d7928280|1.0;0.0;0.0
,,,,,,,,+  0beab949-f39f-4d8d-b2be-5ebfa258395f|1;0.0;0.0,
,,,,,,,,+  2d4da9b5-cb39-446d-8268-1e461ff6e450|100;;,
null,033cb84c-66c8-495b-8f12-db75217e5e84,Make MK2 Power Booster,,False,71a53ea9-7a98-4145-9e6c-f5f6d7928280,,5,,
,,,,,,,,+  e8d6a946-a548-4422-a36d-42a0414ff1cf|1;0.0;0.0,+  4520576a-558f-4e2a-ba45-4c804224f20f|1;0.0;0.0
,,,,,,,,+  2d4da9b5-cb39-446d-8268-1e461ff6e450|1250;;,
null,4a7af0e2-bff9-4d1a-a84c-498077f2eb05,Make Induction Charger,,False,54921ba6-55e5-4eef-85c5-02ae8f181ef6,,16,,
,,,,,,,,+  c513a0cc-ce0c-460a-a9d7-b4ed854af63d|5;0.0;0.0,+  713052ef-b5a6-4c8a-90a2-1f1fff291dae|25;0.0;0.0
,,,,,,,,+  4520576a-558f-4e2a-ba45-4c804224f20f|5;0.0;0.0,
,,,,,,,,+  2d4da9b5-cb39-446d-8268-1e461ff6e450|100;;,
null,a7e81425-4eeb-4bfc-95b1-aa8e7c117929,Make Crystal Clock Maker,,False,54921ba6-55e5-4eef-85c5-02ae8f181ef6,,16,,
,,,,,,,,+  94bdd632-af55-45a4-b4ef-ca9fb28bb412|8;0.0;0.0,+  e5479aa6-f831-4eec-9a96-5dbefab63907|1.0;0.0;0.0
,,,,,,,,+  df566582-7dc6-4edc-97b3-5291fe7c2914|25;0.0;0.0,
,,,,,,,,+  37074be2-d185-4e19-baa5-f53edbcacaf7|1;;,
,,,,,,,,+  2d4da9b5-cb39-446d-8268-1e461ff6e450|100;0.0;0.0,
null,51589bdd-319a-41e0-8fce-958b609ea040,Make Crystal Clock,耗电 1 PPS；,False,e5479aa6-f831-4eec-9a96-5dbefab63907,,3,,
,,,,,,,,+  2f631d3f-a65a-4d6a-8685-2b58a8d2f567|5;0.0;0.0,+  3b6efe2a-9a14-4a78-b6f8-f91d39daa4eb|1.0;0.0;0.0
,,,,,,,,+  2d4da9b5-cb39-446d-8268-1e461ff6e450|3;0.0;0.0,
null,f1f28dc9-306c-4c21-aa9e-8ed0f552fdf9,Make Steel Alloy Smelter,,False,54921ba6-55e5-4eef-85c5-02ae8f181ef6,,16,,
,,,,,,,,+  7f8bb47b-cf69-460f-9275-261f4179f478|6;0.0;0.0,+  467564f5-2d40-4aba-8e44-99c4b8fd008d|1.0;0.0;0.0
,,,,,,,,+  df566582-7dc6-4edc-97b3-5291fe7c2914|8;0.0;0.0,
,,,,,,,,+  2d4da9b5-cb39-446d-8268-1e461ff6e450|100;0.0;0.0,
null,77a1dfee-0179-44bc-9311-27a86c31c457,Make Low Grade Steel Bar,,False,467564f5-2d40-4aba-8e44-99c4b8fd008d,,3,,
,,,,,,,,+  de85ea7f-2b07-407b-9839-89546c1c0027|1.0;0.0;0.0,+  f74ba06d-e11a-47fb-8884-88455342d7a9|1.0;0.0;0.0
,,,,,,,,+  a5ba2215-cff0-4633-b838-f02be291a509|1;0.0;0.0,
,,,,,,,,+  2d4da9b5-cb39-446d-8268-1e461ff6e450|150;0.0;0.0,
null,9f9ab573-2607-4457-b641-245070f92024,Make Infused Coal,,False,2656dbb5-1859-49ac-b771-3a6856d0b2bc,,16,,
,,,,,,,,+  4309da8a-e1e6-4863-a42e-e26e40512367|1.0;0.0;0.0,+  5224dfca-95fa-48f2-afc3-0eb0da031cfe|1.0;0.0;0.0
,,,,,,,,+  2d4da9b5-cb39-446d-8268-1e461ff6e450|1.6;0.0;0.0,
null,e46a5a91-6475-4f6c-8f11-1a005e7ea90a,Make Crystal Coal Infuser,,False,54921ba6-55e5-4eef-85c5-02ae8f181ef6,,16,,
,,,,,,,,+  9d88f827-9300-4588-bc6f-7edca01dfeb7|1;0.0;0.0,+  2656dbb5-1859-49ac-b771-3a6856d0b2bc|1.0;0.0;0.0
,,,,,,,,+  94bdd632-af55-45a4-b4ef-ca9fb28bb412|5;0.0;0.0,
,,,,,,,,+  12d53093-d773-4356-95cf-b954cc93e2a4|1;0.0;0.0,
,,,,,,,,+  2d4da9b5-cb39-446d-8268-1e461ff6e450|100;0.0;0.0,
null,7d12a695-0979-4b1a-a3bd-d052fd8d6af5,Power Generate -Pyro -Infused Coal,,False,8d06d93b-02c9-439d-9d78-7372e9c5d1a0,,10,,
,,,,,,,,+  5224dfca-95fa-48f2-afc3-0eb0da031cfe|1.0;0.0;0.0,+  2d4da9b5-cb39-446d-8268-1e461ff6e450|1280;0.0;0.0
null,0fcd576f-c618-4d47-9fc6-680ea2ee91a8,Make MK3 PowerCore Charger,,False,54921ba6-55e5-4eef-85c5-02ae8f181ef6,,16,,
,,,,,,,,+  4520576a-558f-4e2a-ba45-4c804224f20f|8;0.0;0.0,+  ea7c78d8-07c5-4a72-9a3f-0fe9d9d130ed|1.0;0.0;0.0
,,,,,,,,+  2d4da9b5-cb39-446d-8268-1e461ff6e450|100;;,
null,44c514dc-d7fd-4c9c-b29b-3f1b5bff6ad0,Make MK3 Power Booster,,False,ea7c78d8-07c5-4a72-9a3f-0fe9d9d130ed,,5,,
,,,,,,,,+  4520576a-558f-4e2a-ba45-4c804224f20f|1;0.0;0.0,+  60603faa-85e0-4e8d-ab22-553d2eefc45c|1.0;0.0;0.0
,,,,,,,,+  2d4da9b5-cb39-446d-8268-1e461ff6e450|2500;;,
null,52ffcfa8-0b46-45ee-b0e6-59b7efccd2e6,Make MK4 PowerCore Charger,,False,54921ba6-55e5-4eef-85c5-02ae8f181ef6,,16,,
,,,,,,,,+  60603faa-85e0-4e8d-ab22-553d2eefc45c|8;0.0;0.0,+  000edf7b-2455-4d0c-bd95-78a1f7693d5b|1.0;0.0;0.0
,,,,,,,,+  2d4da9b5-cb39-446d-8268-1e461ff6e450|100;;,
null,7633a987-7a78-419d-b686-035fb8ad7449,Make MK4 Power Booster,,False,e6b9940c-dc0f-4a48-a62d-5ccab8e2b124,,5,,
,,,,,,,,+  60603faa-85e0-4e8d-ab22-553d2eefc45c|1;0.0;0.0,+  000edf7b-2455-4d0c-bd95-78a1f7693d5b|1.0;0.0;0.0
,,,,,,,,+  2d4da9b5-cb39-446d-8268-1e461ff6e450|5000;;,
null,3d4c80f1-64d7-4788-93c9-bb5ed6b34217,Make Hardened Block Assembler,,False,54921ba6-55e5-4eef-85c5-02ae8f181ef6,,16,,
,,,,,,,,+  a6fd80b5-c3a6-440a-9708-09b164008212|3;0.0;0.0,+  243aa218-523b-435a-9800-6bf2aae2b2d5|1.0;0.0;0.0
,,,,,,,,+  8f2f0023-4940-4480-8add-1e752e427fbf|3;;,
,,,,,,,,+  7f8bb47b-cf69-460f-9275-261f4179f478|3;0.0;0.0,
,,,,,,,,+  2d4da9b5-cb39-446d-8268-1e461ff6e450|100;0.0;0.0,
null,6b220155-2c7e-44bc-b9f0-e8664d5dd260,Make Hardened Machine Block,,False,243aa218-523b-435a-9800-6bf2aae2b2d5,,1,,
,,,,,,,,+  9041d553-acbe-45fc-8f7b-f9b2f5a43afe|1;0.0;0.0,+  b0642853-01c0-4c89-9557-b500957a7416|1.0;0.0;0.0
,,,,,,,,+  a5ba2215-cff0-4633-b838-f02be291a509|1;;,
,,,,,,,,+  2d4da9b5-cb39-446d-8268-1e461ff6e450|15;0.0;0.0,
null,63df7993-600c-44e5-9123-efb4bb8da4d7,Make Half Storage Hopper,,False,54921ba6-55e5-4eef-85c5-02ae8f181ef6,,16,,
,,,,,,,,+  37074be2-d185-4e19-baa5-f53edbcacaf7|3;0.0;0.0,+  218a467e-b5c4-4f0c-86ab-e251d143a5a5|1.0;0.0;0.0
,,,,,,,,+  df566582-7dc6-4edc-97b3-5291fe7c2914|3;;,
,,,,,,,,+  2d4da9b5-cb39-446d-8268-1e461ff6e450|100;0.0;0.0,
null,152aa8c5-1f21-4156-84af-cc6dca24e06a,Make Transport Pipe,,False,54921ba6-55e5-4eef-85c5-02ae8f181ef6,,16,,
,,,,,,,,+  b0642853-01c0-4c89-9557-b500957a7416|3;0.0;0.0,+  4b55a9b0-c1e4-4ac8-abec-1763d835f524|1.0;0.0;0.0
,,,,,,,,+  3b6efe2a-9a14-4a78-b6f8-f91d39daa4eb|5;;,
,,,,,,,,+  37074be2-d185-4e19-baa5-f53edbcacaf7|1;0.0;0.0,
,,,,,,,,+  2d4da9b5-cb39-446d-8268-1e461ff6e450|100;0.0;0.0,
null,881fc325-187b-4a22-b597-0baac776b3dc,Mine Crystal Deposit,,False,d6fd4a97-52c2-4b90-8c9b-a0e2d9cdc994,,15,,
,,,,,,,,+  2d4da9b5-cb39-446d-8268-1e461ff6e450|6;0.0;0.0,+  2f631d3f-a65a-4d6a-8685-2b58a8d2f567|2;0.0;0.0
null,2d85075c-189b-4108-bfec-edcfdf15066c,Make Alloyed Block,,False,61e87ecc-cd14-4beb-93a5-d76fae07d12c,,16,,
,,,,,,,,+  b0642853-01c0-4c89-9557-b500957a7416|16;0.0;0.0,+  c7aaf7d4-b8fe-4b61-b89f-2f91924d89b9|1.0;0.0;0.0
,,,,,,,,+  a0438edc-2eb8-4c46-85d8-95915bfad055|16;0.0;0.0,
,,,,,,,,+  2d4da9b5-cb39-446d-8268-1e461ff6e450|240;0.0;0.0,
null,b9b5355e-1fbe-4e69-b45c-02405fd309a8,Make Alloyed Block Assembler,,False,54921ba6-55e5-4eef-85c5-02ae8f181ef6,,16,,
,,,,,,,,+  a6fd80b5-c3a6-440a-9708-09b164008212|3;0.0;0.0,+  61e87ecc-cd14-4beb-93a5-d76fae07d12c|1.0;0.0;0.0
,,,,,,,,+  8f2f0023-4940-4480-8add-1e752e427fbf|3;;,
,,,,,,,,+  7f8bb47b-cf69-460f-9275-261f4179f478|3;0.0;0.0,
,,,,,,,,+  2d4da9b5-cb39-446d-8268-1e461ff6e450|100;0.0;0.0,
null,1de4b8d8-178b-49df-b351-71b5e295c6fb,Make Alloyed Block Assembler,,False,54921ba6-55e5-4eef-85c5-02ae8f181ef6,,16,,
,,,,,,,,+  8f2f0023-4940-4480-8add-1e752e427fbf|8;;,+  e4c14178-c88d-415e-8e1d-c43e73f74920|1.0;0.0;0.0
,,,,,,,,+  c7aaf7d4-b8fe-4b61-b89f-2f91924d89b9|16;0.0;0.0,
,,,,,,,,+  2d4da9b5-cb39-446d-8268-1e461ff6e450|100;0.0;0.0,
null,aff7f712-14e2-4949-b17e-9dd53da4206c,Alloyed Upgrade Module Maker,,False,e4c14178-c88d-415e-8e1d-c43e73f74920,,160,,
,,,,,,,,+  7f8bb47b-cf69-460f-9275-261f4179f478|10;0.0;0.0,+  b7d22368-ae75-4451-a7ba-a53b2bd1693b|1.0;0.0;0.0
,,,,,,,,+  a6fd80b5-c3a6-440a-9708-09b164008212|10;0.0;0.0,
,,,,,,,,+  8f2f0023-4940-4480-8add-1e752e427fbf|10;0.0;0.0,
null,3a54b7a3-6053-4dd5-91bb-34a3ec805803,Make Alloyed Block -P,,False,31c57eec-917a-4d54-858c-20b0bce968f6,,16,,
,,,,,,,,+  a6fd80b5-c3a6-440a-9708-09b164008212|3;0.0;0.0,+  c7aaf7d4-b8fe-4b61-b89f-2f91924d89b9|1.0;0.0;0.0
,,,,,,,,+  7f8bb47b-cf69-460f-9275-261f4179f478|3;0.0;0.0,
,,,,,,,,+  8f2f0023-4940-4480-8add-1e752e427fbf|3;0.0;0.0,
,,,,,,,,+  2d4da9b5-cb39-446d-8268-1e461ff6e450|240;0.0;0.0,
null,28a6a631-8ff6-4943-aa86-14716f464d88,Make Precision Alloyed Machine Block Assembler,,False,54921ba6-55e5-4eef-85c5-02ae8f181ef6,,16,,
,,,,,,,,+  a6fd80b5-c3a6-440a-9708-09b164008212|3;0.0;0.0,+  31c57eec-917a-4d54-858c-20b0bce968f6|1.0;0.0;0.0
,,,,,,,,+  8f2f0023-4940-4480-8add-1e752e427fbf|3;;,
,,,,,,,,+  7f8bb47b-cf69-460f-9275-261f4179f478|3;0.0;0.0,
,,,,,,,,+  2d4da9b5-cb39-446d-8268-1e461ff6e450|100;0.0;0.0,
null,ab36daaa-041b-4ac9-b690-ffbece90fa6f,Make Ultimate Upgrade Module Maker,,False,54921ba6-55e5-4eef-85c5-02ae8f181ef6,,16,,
,,,,,,,,+  8f2f0023-4940-4480-8add-1e752e427fbf|8;;,+  c2a3fc70-753a-4702-b686-f168a940a258|1.0;0.0;0.0
,,,,,,,,+  c7aaf7d4-b8fe-4b61-b89f-2f91924d89b9|64;0.0;0.0,
,,,,,,,,+  2d4da9b5-cb39-446d-8268-1e461ff6e450|100;0.0;0.0,
null,e75c9e5a-5a42-4adf-a661-b736a9e09900,Make Ultimate Upgrade Module,,False,c2a3fc70-753a-4702-b686-f168a940a258,,16,,
,,,,,,,,+  b7d22368-ae75-4451-a7ba-a53b2bd1693b|10;0.0;0.0,+  789eeaa1-bd64-4421-86bc-713ee2b93856|1.0;0.0;0.0
,,,,,,,,+  0beab949-f39f-4d8d-b2be-5ebfa258395f|25;0.0;0.0,
,,,,,,,,+  94bdd632-af55-45a4-b4ef-ca9fb28bb412|50;0.0;0.0,
,,,,,,,,+  2d4da9b5-cb39-446d-8268-1e461ff6e450|240;0.0;0.0,
null,a1120081-fa4c-4d45-8c8c-59d13dfc327a,Make MK5 Power Booster,,False,25ee3d63-0c8d-48eb-88d6-d8e7a667a7aa,,5,,
,,,,,,,,+  000edf7b-2455-4d0c-bd95-78a1f7693d5b|1.0;0.0;0.0,+  96718bfe-63b7-4897-8245-4edcf6d943cd|1.0;0.0;0.0
,,,,,,,,+  2d4da9b5-cb39-446d-8268-1e461ff6e450|10000;0.0;0.0,
null,c6806e0a-8107-4a09-9241-4592cdc1d2de,Make Pristine Faceted Eye,,False,54921ba6-55e5-4eef-85c5-02ae8f181ef6,,16,,
,,,,,,,,+  072b33b7-b9cd-4e77-ae4d-8b5bcb6784b6|15;0.0;0.0,+  9faacf12-3bac-4685-85ac-883b91c14896|1.0;0.0;0.0
,,,,,,,,+  2d4da9b5-cb39-446d-8268-1e461ff6e450|100;0.0;0.0,
null,fc8322dc-0e38-453c-b816-4f0fc622540c,Make Crude Organic Lens,,False,54921ba6-55e5-4eef-85c5-02ae8f181ef6,,16,,
,,,,,,,,+  9faacf12-3bac-4685-85ac-883b91c14896|15;0.0;0.0,+  c378b67f-bea6-4da0-98ca-041b36b4fc73|1.0;0.0;0.0
,,,,,,,,+  2d4da9b5-cb39-446d-8268-1e461ff6e450|100;0.0;0.0,
null,8ac9f087-e7d1-486e-bdd0-a735a72d8fb5,Make Liquid Resin Refiner,,False,54921ba6-55e5-4eef-85c5-02ae8f181ef6,,16,,
,,,,,,,,+  d6fd4a97-52c2-4b90-8c9b-a0e2d9cdc994|1;0.0;0.0,+  8b9502dd-ecbc-4906-b7cb-5121e438f594|1.0;0.0;0.0
,,,,,,,,+  ce51bbb1-0ee6-4648-8394-ac3786ea6eac|1;0.0;0.0,
,,,,,,,,+  c378b67f-bea6-4da0-98ca-041b36b4fc73|1;0.0;0.0,
,,,,,,,,+  2d4da9b5-cb39-446d-8268-1e461ff6e450|100;0.0;0.0,
null,ca7d7098-c97a-42d0-822d-f252e19d70e0,Make Laser Resin Liquifier,,False,54921ba6-55e5-4eef-85c5-02ae8f181ef6,,16,,
,,,,,,,,+  d6fd4a97-52c2-4b90-8c9b-a0e2d9cdc994|1;0.0;0.0,+  9e8f73a1-667b-4c1e-b388-14b4de3f8089|1.0;0.0;0.0
,,,,,,,,+  ce51bbb1-0ee6-4648-8394-ac3786ea6eac|1;0.0;0.0,
,,,,,,,,+  c378b67f-bea6-4da0-98ca-041b36b4fc73|1;0.0;0.0,
,,,,,,,,+  2d4da9b5-cb39-446d-8268-1e461ff6e450|100;0.0;0.0,
null,7c7b01ec-b454-4bdf-90df-c597cd0a8f6a,Make Laser Resin Ablator,,False,54921ba6-55e5-4eef-85c5-02ae8f181ef6,,16,,
,,,,,,,,+  d6fd4a97-52c2-4b90-8c9b-a0e2d9cdc994|1;0.0;0.0,+  7feedf74-37c0-41aa-acc5-5386331c0f6b|1.0;0.0;0.0
,,,,,,,,+  ce51bbb1-0ee6-4648-8394-ac3786ea6eac|1;0.0;0.0,
,,,,,,,,+  c378b67f-bea6-4da0-98ca-041b36b4fc73|1;0.0;0.0,
,,,,,,,,+  2d4da9b5-cb39-446d-8268-1e461ff6e450|100;0.0;0.0,
null,bbd92963-7c1b-4f56-af80-2084044664df,Ablate Resin,"Ablate hard resin near hivemind, radius 16m;",False,7feedf74-37c0-41aa-acc5-5386331c0f6b,,5,,
,,,,,,,,+  2d4da9b5-cb39-446d-8268-1e461ff6e450|1250;0.0;0.0,+  e36ac142-6907-4810-b98d-bb755d79bcc4|1.0;0.0;0.0
null,5900f531-85ae-4bcb-b402-3bdbcf8a3f77,Liquify Resin,,False,9e8f73a1-667b-4c1e-b388-14b4de3f8089,,2.5,,
,,,,,,,,+  e36ac142-6907-4810-b98d-bb755d79bcc4|1.0;0.0;0.0,+  a30052b8-c74b-4297-80e9-f743046f6c78|1.0;0.0;0.0
,,,,,,,,+  2d4da9b5-cb39-446d-8268-1e461ff6e450|1250;0.0;0.0,
null,f2017f63-e090-48af-b6ce-a0095b95d7c9,Refine Liquid Resin,,False,8b9502dd-ecbc-4906-b7cb-5121e438f594,,60,,
,,,,,,,,+  a30052b8-c74b-4297-80e9-f743046f6c78|10;0.0;0.0,+  78d9c4cb-605a-4808-9415-335c40903683|1.0;0.0;0.0
,,,,,,,,+  2d4da9b5-cb39-446d-8268-1e461ff6e450|7680;0.0;0.0,
null,44bef68f-df45-4bcf-8756-869c87c9e79e,Make Basic Drill Motor,,False,54921ba6-55e5-4eef-85c5-02ae8f181ef6,,16,,
,,,,,,,,+  df566582-7dc6-4edc-97b3-5291fe7c2914|6;0.0;0.0,+  e185c179-3523-48a7-b466-eb723820a7a7|1.0;0.0;0.0
,,,,,,,,+  8f1721f8-7968-41ae-b231-b0e9ed549e18|4;0.0;0.0,
,,,,,,,,+  37074be2-d185-4e19-baa5-f53edbcacaf7|1;0.0;0.0,
,,,,,,,,+  2d4da9b5-cb39-446d-8268-1e461ff6e450|100;0.0;0.0,
null,45929883-868a-43ce-9bc0-ca6a639a7c6e,Make Enhanced Drill Motor,,False,54921ba6-55e5-4eef-85c5-02ae8f181ef6,,16,,
,,,,,,,,+  df566582-7dc6-4edc-97b3-5291fe7c2914|8;0.0;0.0,+  b7950b9d-0698-441d-a8c5-4534260b8699|1.0;0.0;0.0
,,,,,,,,+  8f1721f8-7968-41ae-b231-b0e9ed549e18|12;0.0;0.0,
,,,,,,,,+  37074be2-d185-4e19-baa5-f53edbcacaf7|2;0.0;0.0,
,,,,,,,,+  2d4da9b5-cb39-446d-8268-1e461ff6e450|100;0.0;0.0,
null,40665fdf-f4b3-412f-a296-ea880dc57804,Make Magnetic Drill Motor,,False,54921ba6-55e5-4eef-85c5-02ae8f181ef6,,16,,
,,,,,,,,+  df566582-7dc6-4edc-97b3-5291fe7c2914|16;0.0;0.0,+  d1968dfa-0607-42b6-82dd-8313883d8663|1.0;0.0;0.0
,,,,,,,,+  8f1721f8-7968-41ae-b231-b0e9ed549e18|16;0.0;0.0,
,,,,,,,,+  0beab949-f39f-4d8d-b2be-5ebfa258395f|3;0.0;0.0,
,,,,,,,,+  2d4da9b5-cb39-446d-8268-1e461ff6e450|100;0.0;0.0,
null,3730cf04-d30f-4856-b921-011a96cf07c3,Make Fusion Drill Motor,,False,54921ba6-55e5-4eef-85c5-02ae8f181ef6,,16,,
,,,,,,,,+  df566582-7dc6-4edc-97b3-5291fe7c2914|32;0.0;0.0,+  6641665f-95d8-4d69-a357-ba6222043282|1.0;0.0;0.0
,,,,,,,,+  8f1721f8-7968-41ae-b231-b0e9ed549e18|24;0.0;0.0,
,,,,,,,,+  0beab949-f39f-4d8d-b2be-5ebfa258395f|5;0.0;0.0,
,,,,,,,,+  94bdd632-af55-45a4-b4ef-ca9fb28bb412|16;0.0;0.0,
,,,,,,,,+  2d4da9b5-cb39-446d-8268-1e461ff6e450|100;0.0;0.0,
null,b60569e0-1e48-4b8b-9067-da5681a50686,Make Antimatter Drill Motor,,False,54921ba6-55e5-4eef-85c5-02ae8f181ef6,,16,,
,,,,,,,,+  8f2f0023-4940-4480-8add-1e752e427fbf|5;0.0;0.0,+  e35902bb-d6f4-40a8-8df1-d25ce2315cb8|1.0;0.0;0.0
,,,,,,,,+  7f8bb47b-cf69-460f-9275-261f4179f478|12;0.0;0.0,
,,,,,,,,+  0beab949-f39f-4d8d-b2be-5ebfa258395f|5;0.0;0.0,
,,,,,,,,+  94bdd632-af55-45a4-b4ef-ca9fb28bb412|16;0.0;0.0,
,,,,,,,,+  2d4da9b5-cb39-446d-8268-1e461ff6e450|100;0.0;0.0,
null,1c033df7-77bb-44ec-9dab-1c689aa084f7,Make Antimatter Drill Motor,,False,54921ba6-55e5-4eef-85c5-02ae8f181ef6,,16,,
,,,,,,,,+  a6fd80b5-c3a6-440a-9708-09b164008212|3;0.0;0.0,+  97ed859a-27e1-4eea-aabe-b0dd3ea95e81|1.0;0.0;0.0
,,,,,,,,+  8f2f0023-4940-4480-8add-1e752e427fbf|3;0.0;0.0,
,,,,,,,,+  7f8bb47b-cf69-460f-9275-261f4179f478|3;0.0;0.0,
,,,,,,,,+  2d4da9b5-cb39-446d-8268-1e461ff6e450|100;0.0;0.0,
null,a1341e41-b592-4653-9576-665077302a00,Make Forced Induction,,False,54921ba6-55e5-4eef-85c5-02ae8f181ef6,,16,,
,,,,,,,,+  8f1721f8-7968-41ae-b231-b0e9ed549e18|20;0.0;0.0,+  b3d4ae33-f53e-46ab-864f-644a2e044d5b|1.0;0.0;0.0
,,,,,,,,+  37074be2-d185-4e19-baa5-f53edbcacaf7|6;0.0;0.0,
,,,,,,,,+  2d4da9b5-cb39-446d-8268-1e461ff6e450|100;0.0;0.0,
null,69fac5bc-f7c0-44bc-9bfa-f9d88d5274a9,Make MK2 Forced Induction,,False,54921ba6-55e5-4eef-85c5-02ae8f181ef6,,16,,
,,,,,,,,+  df566582-7dc6-4edc-97b3-5291fe7c2914|25;0.0;0.0,+  9bef2e9b-2002-4c00-87f4-0652257d58a9|1.0;0.0;0.0
,,,,,,,,+  0beab949-f39f-4d8d-b2be-5ebfa258395f|10;0.0;0.0,
,,,,,,,,+  94bdd632-af55-45a4-b4ef-ca9fb28bb412|5;0.0;0.0,
,,,,,,,,+  b3d4ae33-f53e-46ab-864f-644a2e044d5b|1;0.0;0.0,
,,,,,,,,+  2d4da9b5-cb39-446d-8268-1e461ff6e450|100;0.0;0.0,
null,c2039041-6d79-43dc-89fb-813775e2a4ad,Make MK3 Forced Induction,,False,54921ba6-55e5-4eef-85c5-02ae8f181ef6,,16,,
,,,,,,,,+  c7aaf7d4-b8fe-4b61-b89f-2f91924d89b9|3;0.0;0.0,+  625baf98-16bb-4957-aed4-4594e6b845fe|1.0;0.0;0.0
,,,,,,,,+  94bdd632-af55-45a4-b4ef-ca9fb28bb412|25;0.0;0.0,
,,,,,,,,+  9bef2e9b-2002-4c00-87f4-0652257d58a9|1;0.0;0.0,
,,,,,,,,+  2d4da9b5-cb39-446d-8268-1e461ff6e450|100;0.0;0.0,
null,f22c2b2a-c770-4ec6-9d81-7129a2b05a29,Make MK4 Forced Induction,,False,54921ba6-55e5-4eef-85c5-02ae8f181ef6,,16,,
,,,,,,,,+  c7aaf7d4-b8fe-4b61-b89f-2f91924d89b9|4;0.0;0.0,+  e3bfd028-306d-4cf4-ae91-01eca8d4dafc|1.0;0.0;0.0
,,,,,,,,+  625baf98-16bb-4957-aed4-4594e6b845fe|2;0.0;0.0,
,,,,,,,,+  2d4da9b5-cb39-446d-8268-1e461ff6e450|100;0.0;0.0,
null,71d68575-c2d5-417f-b203-3b77927a479f,Make MK5 Forced Induction,,False,54921ba6-55e5-4eef-85c5-02ae8f181ef6,,16,,
,,,,,,,,+  e3bfd028-306d-4cf4-ae91-01eca8d4dafc|8;0.0;0.0,+  61ab8c50-396b-435c-80e6-a1d7451be48b|1.0;0.0;0.0
,,,,,,,,+  2d4da9b5-cb39-446d-8268-1e461ff6e450|100;0.0;0.0,
null,db760d04-a302-4420-8bb7-3fb0699876fb,Smelt Copper -FI MK3,,False,97ed859a-27e1-4eea-aabe-b0dd3ea95e81,,16,,
,,,,,,+  625baf98-16bb-4957-aed4-4594e6b845fe|;;,,+  87f39cd1-fe54-4ae7-9754-2c4f3cd09dc7|32;0.0;0.0,+  8145f639-d9be-4cd0-aa4f-df2371968d3a|1.0*8;0.0;0.0
,,,,,,,,+  2d4da9b5-cb39-446d-8268-1e461ff6e450|3.5*16*8;0.0;0.0,
null,18614ef1-bbc2-4a4a-b0e5-575eb38a5b0a,Smelt Tin -FI MK3,,False,97ed859a-27e1-4eea-aabe-b0dd3ea95e81,,16,,
,,,,,,+  625baf98-16bb-4957-aed4-4594e6b845fe|;;,,+  6e3ab857-7080-41b2-a623-b7655b9b675c|4*8;0.0;0.0,+  2f8bdbbe-8d1e-4008-a1a1-e8ab74e5227d|1.0*8;0.0;0.0
,,,,,,,,+  2d4da9b5-cb39-446d-8268-1e461ff6e450|3.5*16*8;0.0;0.0,
null,e8e262c1-13ca-4c81-b71b-2c23e2dc1560,Smelt Iron -FI MK3,,False,97ed859a-27e1-4eea-aabe-b0dd3ea95e81,,16,,
,,,,,,+  625baf98-16bb-4957-aed4-4594e6b845fe|;;,,+  8c28db0c-a725-443a-9f50-2a017c6aa15f|4*8;0.0;0.0,+  de85ea7f-2b07-407b-9839-89546c1c0027|1.0*8;0.0;0.0
,,,,,,,,+  2d4da9b5-cb39-446d-8268-1e461ff6e450|3.5*16*8;0.0;0.0,
null,8a65ae38-2d92-4e87-bdd6-ee0c33a9fcf1,Smelt Gold -FI MK3,,False,97ed859a-27e1-4eea-aabe-b0dd3ea95e81,,16,,
,,,,,,+  625baf98-16bb-4957-aed4-4594e6b845fe|;;,,+  9b3f4019-fb57-4968-a4f0-7807bb51feef|4*8;0.0;0.0,+  a0438edc-2eb8-4c46-85d8-95915bfad055|1.0*8;0.0;0.0
,,,,,,,,+  2d4da9b5-cb39-446d-8268-1e461ff6e450|3.5*16*8;0.0;0.0,
null,12641475-1379-4ed6-b9ba-aae422db8198,Smelt Titanium -FI MK3,,False,97ed859a-27e1-4eea-aabe-b0dd3ea95e81,,16,,
,,,,,,+  625baf98-16bb-4957-aed4-4594e6b845fe|;;,,+  df44efb6-d60e-4d6f-a854-5fad251c4db1|4*8;0.0;0.0,+  9041d553-acbe-45fc-8f7b-f9b2f5a43afe|1.0*8;0.0;0.0
,,,,,,,,+  2d4da9b5-cb39-446d-8268-1e461ff6e450|3.5*16*8;0.0;0.0,
null,00140cd3-c881-4737-822d-e56765d02878,Smelt Lithium -FI MK3,,False,97ed859a-27e1-4eea-aabe-b0dd3ea95e81,,16,,
,,,,,,+  625baf98-16bb-4957-aed4-4594e6b845fe|;;,,+  9423d4ed-62a2-416d-98e6-5391eb5553a5|4*8;0.0;0.0,+  2bfc67d5-4447-4208-926b-a0ba98e90df9|1.0*8;0.0;0.0
,,,,,,,,+  2d4da9b5-cb39-446d-8268-1e461ff6e450|3.5*16*8;0.0;0.0,
null,2e0b10b1-d871-4f57-8153-56b85e17f9b8,Smelt Nickel -FI MK3,,False,97ed859a-27e1-4eea-aabe-b0dd3ea95e81,,16,,
,,,,,,+  625baf98-16bb-4957-aed4-4594e6b845fe|;;,,+  18b74131-837b-4449-804e-79dea9f39b38|4*8;0.0;0.0,+  a5ba2215-cff0-4633-b838-f02be291a509|1.0*8;0.0;0.0
,,,,,,,,+  2d4da9b5-cb39-446d-8268-1e461ff6e450|3.5*16*8;0.0;0.0,
null,7063bfb7-3f63-4427-92af-c17891641cec,Mine Tin Ore -FDM,,False,d6fd4a97-52c2-4b90-8c9b-a0e2d9cdc994,,15,,
,,,,,,+  6641665f-95d8-4d69-a357-ba6222043282|;;,,+  2d4da9b5-cb39-446d-8268-1e461ff6e450|8*15;0.0;0.0,+  6e3ab857-7080-41b2-a623-b7655b9b675c|2*16;0.0;0.0
null,0c717180-c2b3-414f-8aea-7e18f4682941,Mine Copper Ore -FDM,,False,d6fd4a97-52c2-4b90-8c9b-a0e2d9cdc994,,15,,
,,,,,,+  6641665f-95d8-4d69-a357-ba6222043282|;;,,+  2d4da9b5-cb39-446d-8268-1e461ff6e450|8*15;0.0;0.0,+  87f39cd1-fe54-4ae7-9754-2c4f3cd09dc7|2*16;0.0;0.0
null,9b50aa05-a0a6-4c47-abf1-53bcd855aa9e,Mine Iron Ore -FDM,,False,d6fd4a97-52c2-4b90-8c9b-a0e2d9cdc994,,15,,
,,,,,,+  6641665f-95d8-4d69-a357-ba6222043282|;;,,+  2d4da9b5-cb39-446d-8268-1e461ff6e450|8*15;0.0;0.0,+  8c28db0c-a725-443a-9f50-2a017c6aa15f|2*16;0.0;0.0
null,61d20d48-13f8-4b58-892a-5f263ee504f6,Mine Lithium Ore -FDM,,False,d6fd4a97-52c2-4b90-8c9b-a0e2d9cdc994,,15,,
,,,,,,+  6641665f-95d8-4d69-a357-ba6222043282|;;,,+  2d4da9b5-cb39-446d-8268-1e461ff6e450|8*15;0.0;0.0,+  9423d4ed-62a2-416d-98e6-5391eb5553a5|2*16;0.0;0.0
null,e1448c87-f1e6-4e6f-8c54-04989dedd49e,Mine Gold Ore -FDM,,False,d6fd4a97-52c2-4b90-8c9b-a0e2d9cdc994,,15,,
,,,,,,+  6641665f-95d8-4d69-a357-ba6222043282|;;,,+  2d4da9b5-cb39-446d-8268-1e461ff6e450|8*15;0.0;0.0,+  9b3f4019-fb57-4968-a4f0-7807bb51feef|2*16;0.0;0.0
null,1034151e-9c7e-4d1a-bfdc-1559c74f0ed1,Mine Titanium Ore -FDM,,False,d6fd4a97-52c2-4b90-8c9b-a0e2d9cdc994,,15,,
,,,,,,+  6641665f-95d8-4d69-a357-ba6222043282|;;,,+  2d4da9b5-cb39-446d-8268-1e461ff6e450|8*15;0.0;0.0,+  df44efb6-d60e-4d6f-a854-5fad251c4db1|2*16;0.0;0.0
null,83d375c2-10c5-46fb-830a-96ab114d8992,Mine Nickel Ore -FDM,,False,d6fd4a97-52c2-4b90-8c9b-a0e2d9cdc994,,15,,
,,,,,,+  6641665f-95d8-4d69-a357-ba6222043282|;;,,+  2d4da9b5-cb39-446d-8268-1e461ff6e450|8*15;0.0;0.0,+  18b74131-837b-4449-804e-79dea9f39b38|2*16;0.0;0.0
null,ef86015d-ad89-42a9-80bb-de2657e7d9e7,Make Tin Coil,,False,1285d80d-7888-4816-8fe9-7623853895f1,,8,,
,,,,,,,,+  72147be4-c471-45df-ac16-61de93f76aa4|1.0;0.0;0.0,+  9b78f961-a0b2-4530-b39c-f16869e9cc48|1.0;0.0;0.0
null,e2a9fb53-9481-4531-97d6-205e8dce7176,Make Iron Coil,,False,1285d80d-7888-4816-8fe9-7623853895f1,,8,,
,,,,,,,,+  4860a91d-2a74-4082-bc6b-586dcd46b611|1.0;0.0;0.0,+  84515a2c-48bf-49a3-a95d-51be6d36f6f7|1.0;0.0;0.0
null,18710b8c-374f-4548-ba77-a4ce813c8d16,Make Gold Coil,,False,1285d80d-7888-4816-8fe9-7623853895f1,,8,,
,,,,,,,,+  18e97570-c5df-4eb4-a3e8-4bb1bbea0bf0|1.0;0.0;0.0,+  72354ded-227e-4476-b7f6-0f2bde7a8a6d|1.0;0.0;0.0
null,88d52513-21e8-4824-bb24-3d47671b3d9c,Make Titanium Coil,,False,1285d80d-7888-4816-8fe9-7623853895f1,,8,,
,,,,,,,,+  cb22b984-4192-40e1-bb08-558accd77769|1.0;0.0;0.0,+  982140d3-9be8-472a-aa51-3e5c6c535e38|1.0;0.0;0.0
null,e40fee3a-8890-4275-9111-6502dc121c84,Make Nickel Coil,,False,1285d80d-7888-4816-8fe9-7623853895f1,,8,,
,,,,,,,,+  126fd3da-6e85-42e4-b010-641fe3d42e84|1.0;0.0;0.0,+  5465e474-b595-4e20-adaf-d3bff6ef55c9|1.0;0.0;0.0
null,fe428715-fa12-4e7c-bfc6-2735fc21122b,Make Laser Energy Transmitter MK3,,False,54921ba6-55e5-4eef-85c5-02ae8f181ef6,,16,,
,,,,,,,,+  c7aaf7d4-b8fe-4b61-b89f-2f91924d89b9|7;0.0;0.0,+  67927faa-a78b-4268-90c8-6e6e47ecb985|1.0;0.0;0.0
,,,,,,,,+  2d4da9b5-cb39-446d-8268-1e461ff6e450|100;0.0;0.0,
null,8020bdab-3521-4109-bb6f-e69ff9098969,Make Laser Energy Transmitter MK1,,False,54921ba6-55e5-4eef-85c5-02ae8f181ef6,,16,,
,,,,,,,,+  94bdd632-af55-45a4-b4ef-ca9fb28bb412|1;0.0;0.0,+  ce51bbb1-0ee6-4648-8394-ac3786ea6eac|1.0;0.0;0.0
,,,,,,,,+  df566582-7dc6-4edc-97b3-5291fe7c2914|5;0.0;0.0,
,,,,,,,,+  730545f7-48d8-43a0-8768-c08d06e58099|2;0.0;0.0,
,,,,,,,,+  2d4da9b5-cb39-446d-8268-1e461ff6e450|100;0.0;0.0,
null,1e5dadbf-5230-497a-bcab-076f2ddeba4e,Make Laser Energy Transmitter MK2,,False,54921ba6-55e5-4eef-85c5-02ae8f181ef6,,16,,
,,,,,,,,+  8f2f0023-4940-4480-8add-1e752e427fbf|6;0.0;0.0,+  3667917f-319a-4bb3-be07-8595ab9ab55b|1.0;0.0;0.0
,,,,,,,,+  7f8bb47b-cf69-460f-9275-261f4179f478|6;0.0;0.0,
,,,,,,,,+  2d4da9b5-cb39-446d-8268-1e461ff6e450|100;0.0;0.0,
null,60db12a2-1ee0-4302-8389-bcd47801d67f,Make Power Storage MK3,,False,54921ba6-55e5-4eef-85c5-02ae8f181ef6,,16,,
,,,,,,,,+  c7aaf7d4-b8fe-4b61-b89f-2f91924d89b9|2;0.0;0.0,+  2a5654cf-afaf-4d4a-9085-6c2dfb46b0ba|1.0;0.0;0.0
,,,,,,,,+  37074be2-d185-4e19-baa5-f53edbcacaf7|1;0.0;0.0,
,,,,,,,,+  2d4da9b5-cb39-446d-8268-1e461ff6e450|100;0.0;0.0,
null,57793d2d-dd7b-461f-9cb8-55fea6cb06f8,Make Solar Panel,,False,54921ba6-55e5-4eef-85c5-02ae8f181ef6,,16,,
,,,,,,,,+  94bdd632-af55-45a4-b4ef-ca9fb28bb412|10;0.0;0.0,+  ace48382-bca2-4e01-a398-b382e95bf171|1.0;0.0;0.0
,,,,,,,,+  a6fd80b5-c3a6-440a-9708-09b164008212|5;0.0;0.0,
,,,,,,,,+  df566582-7dc6-4edc-97b3-5291fe7c2914|10;0.0;0.0,
,,,,,,,,+  3b6efe2a-9a14-4a78-b6f8-f91d39daa4eb|1;0.0;0.0,
,,,,,,,,+  2d4da9b5-cb39-446d-8268-1e461ff6e450|100;0.0;0.0,
null,fb9bb124-0b7b-4143-b1fa-bb74f10d29ff,Make Solar Panel Mk2,,False,54921ba6-55e5-4eef-85c5-02ae8f181ef6,,16,,
,,,,,,,,+  ace48382-bca2-4e01-a398-b382e95bf171|3;0.0;0.0,+  415e99a9-3425-4a9a-8cfb-16c662799315|1.0;0.0;0.0
,,,,,,,,+  3b6efe2a-9a14-4a78-b6f8-f91d39daa4eb|18;0.0;0.0,
,,,,,,,,+  2d4da9b5-cb39-446d-8268-1e461ff6e450|100;0.0;0.0,
null,c10505c8-22f3-447c-97ee-ae906e381a1d,Make Organic Solar Panel Mk2,,False,54921ba6-55e5-4eef-85c5-02ae8f181ef6,,16,,
,,,,,,,,+  415e99a9-3425-4a9a-8cfb-16c662799315|3;0.0;0.0,+  6337594d-58e0-4a36-ae11-d8f35b179049|1.0;0.0;0.0
,,,,,,,,+  78d9c4cb-605a-4808-9415-335c40903683|30;0.0;0.0,
,,,,,,,,+  2d4da9b5-cb39-446d-8268-1e461ff6e450|100;0.0;0.0,
null,b6650b34-15f1-4649-b1f8-9e89a73d5b64,Make Polished Chrome Lens,,False,54921ba6-55e5-4eef-85c5-02ae8f181ef6,,16,,
,,,,,,,,+  5f444569-4194-458e-a990-279d4e58479d|1;0.0;0.0,+  c3bb78f3-b685-4afc-82a8-926cbb29420d|1.0;0.0;0.0
,,,,,,,,+  6872541c-24a0-4824-a961-2debd11a10d5|4;0.0;0.0,
,,,,,,,,+  2d4da9b5-cb39-446d-8268-1e461ff6e450|100;0.0;0.0,
null,3cf75a0d-5ee8-42a0-8500-620177cf12db,Make Crystal Overclocker,,False,54921ba6-55e5-4eef-85c5-02ae8f181ef6,,16,,
,,,,,,,,+  e5479aa6-f831-4eec-9a96-5dbefab63907|1;0.0;0.0,+  23bf0064-7307-4373-ac9b-befdcbaf4a9f|1.0;0.0;0.0
,,,,,,,,+  3b6efe2a-9a14-4a78-b6f8-f91d39daa4eb|50;0.0;0.0,
,,,,,,,,+  78d9c4cb-605a-4808-9415-335c40903683|16;0.0;0.0,
,,,,,,,,+  2d4da9b5-cb39-446d-8268-1e461ff6e450|100;0.0;0.0,
null,feee29bb-80be-4386-8ff2-c2b7f12b1fc6,Make Overclocked Crystal Clock,,False,23bf0064-7307-4373-ac9b-befdcbaf4a9f,,120,,
,,,,,,,,+  3b6efe2a-9a14-4a78-b6f8-f91d39daa4eb|5;0.0;0.0,+  da01be6d-8caa-47bd-936a-135876d47cf6|1.0;0.0;0.0
,,,,,,,,+  2d4da9b5-cb39-446d-8268-1e461ff6e450|250*120;0.0;0.0,
null,ae0de432-4601-4885-b5d5-fa6bd8223da6,Make Advanced Machine Block Assembler,,False,54921ba6-55e5-4eef-85c5-02ae8f181ef6,,16,,
,,,,,,,,+  f74ba06d-e11a-47fb-8884-88455342d7a9|32;0.0;0.0,+  b2e193a0-a8d5-4b6c-8a8c-c68f2a31226f|1.0;0.0;0.0
,,,,,,,,+  2d4da9b5-cb39-446d-8268-1e461ff6e450|250*120;0.0;0.0,
null,94b5f3b4-42c2-4a26-8017-405678d3cd4b,Make Advanced Machine Block,,False,b2e193a0-a8d5-4b6c-8a8c-c68f2a31226f,,999,,
,,,,,,,,+  3b6efe2a-9a14-4a78-b6f8-f91d39daa4eb|2;0.0;0.0,+  59679c07-dd2f-457a-bb71-511320ade26b|1.0;0.0;0.0
,,,,,,,,+  f74ba06d-e11a-47fb-8884-88455342d7a9|2;0.0;0.0,
,,,,,,,,+  2d4da9b5-cb39-446d-8268-1e461ff6e450|1.0;0.0;0.0,
null,b9897ac5-59b1-4dfd-b6a9-90d8dfbf706a,Make Imbued Machine Block Assembler,,False,54921ba6-55e5-4eef-85c5-02ae8f181ef6,,16,,
,,,,,,,,+  59679c07-dd2f-457a-bb71-511320ade26b|4;0.0;0.0,+  ccf86a1c-db8c-4649-b21e-5e3c0fb0ecce|1.0;0.0;0.0
,,,,,,,,+  96718bfe-63b7-4897-8245-4edcf6d943cd|4;0.0;0.0,
,,,,,,,,+  2d4da9b5-cb39-446d-8268-1e461ff6e450|100;0.0;0.0,
null,38e7e9fc-89c4-4c30-8b54-98af1288dc76,Make Imbued Machine Block,,False,ccf86a1c-db8c-4649-b21e-5e3c0fb0ecce,,999,,
,,,,,,,,+  59679c07-dd2f-457a-bb71-511320ade26b|3;0.0;0.0,+  077993a6-c30d-4a52-a815-9dacad1341b5|3;0.0;0.0
,,,,,,,,+  96718bfe-63b7-4897-8245-4edcf6d943cd|1;0.0;0.0,
,,,,,,,,+  2d4da9b5-cb39-446d-8268-1e461ff6e450|150*999;0.0;0.0,
null,de0adf31-6cc8-495a-b4db-aaa19f74ad64,Make Lens Polisher,,False,54921ba6-55e5-4eef-85c5-02ae8f181ef6,,16,,
,,,,,,,,+  077993a6-c30d-4a52-a815-9dacad1341b5|1;0.0;0.0,+  ed2e9204-03ab-45ec-9846-12c7891f4fcc|1.0;0.0;0.0
,,,,,,,,+  da01be6d-8caa-47bd-936a-135876d47cf6|2;0.0;0.0,
,,,,,,,,+  2d4da9b5-cb39-446d-8268-1e461ff6e450|100;0.0;0.0,
null,f161a83d-23c4-4dff-8fcf-83df192518e2,Make  Unfocused Polished Lens,任何有机镜片或矿物镜片都可以当作原料；,False,ed2e9204-03ab-45ec-9846-12c7891f4fcc,,999,,
,,,,,,,,+  c378b67f-bea6-4da0-98ca-041b36b4fc73|1;0.0;0.0,+  5f444569-4194-458e-a990-279d4e58479d|1.0;0.0;0.0
,,,,,,,,+  2d4da9b5-cb39-446d-8268-1e461ff6e450|64*999;0.0;0.0,
null,91805985-b368-452a-ab44-a53069790785,Make Lens Chromer,,False,54921ba6-55e5-4eef-85c5-02ae8f181ef6,,16,,
,,,,,,,,+  077993a6-c30d-4a52-a815-9dacad1341b5|1;0.0;0.0,+  42a6a430-266b-4eff-8ce0-eb91ab23a410|1.0;0.0;0.0
,,,,,,,,+  da01be6d-8caa-47bd-936a-135876d47cf6|2;0.0;0.0,
,,,,,,,,+  2d4da9b5-cb39-446d-8268-1e461ff6e450|100;0.0;0.0,
null,3fa5a4fc-50fa-4047-9dff-ce8109defcc5,Make Polished Chrome Lens,,False,42a6a430-266b-4eff-8ce0-eb91ab23a410,,150,,
,,,,,,,,+  6872541c-24a0-4824-a961-2debd11a10d5|4;0.0;0.0,+  c3bb78f3-b685-4afc-82a8-926cbb29420d|1.0;0.0;0.0
,,,,,,,,+  5f444569-4194-458e-a990-279d4e58479d|1;0.0;0.0,
,,,,,,,,+  2d4da9b5-cb39-446d-8268-1e461ff6e450|64*150;0.0;0.0,
null,9853ce2c-de65-45c3-8781-dda9d32ba4e8,Make ARC Smelter Upgrade,,False,54921ba6-55e5-4eef-85c5-02ae8f181ef6,,16,,
,,,,,,,,+  96718bfe-63b7-4897-8245-4edcf6d943cd|2;0.0;0.0,+  8e016d53-e872-43a0-8e64-82e7c3e1564f|1.0;0.0;0.0
,,,,,,,,+  c7aaf7d4-b8fe-4b61-b89f-2f91924d89b9|256;0.0;0.0,
,,,,,,,,+  61ab8c50-396b-435c-80e6-a1d7451be48b|2;0.0;0.0,
,,,,,,,,+  2d4da9b5-cb39-446d-8268-1e461ff6e450|100;0.0;0.0,
null,72bd52a8-b6f7-4ba6-8581-0887fa001732,Make Plasma Head Charger,,False,54921ba6-55e5-4eef-85c5-02ae8f181ef6,,16,,
,,,,,,,,+  f74ba06d-e11a-47fb-8884-88455342d7a9|2;0.0;0.0,+  f944448f-960b-450c-b17d-d878240e6bd2|1.0;0.0;0.0
,,,,,,,,+  0c4e1e96-1f4b-4a41-ba81-9e239a948fe0|2;0.0;0.0,
,,,,,,,,+  2d4da9b5-cb39-446d-8268-1e461ff6e450|100;0.0;0.0,
null,f5a9c40e-7d4b-422a-8365-b8408f84710c,Make Plasma-Imbued Cutter Head,,False,f944448f-960b-450c-b17d-d878240e6bd2,,60,,
,,,,,,,,+  6b906d51-885f-4298-9494-630ed3dbd787|1;0.0;0.0,+  cfbdf733-e42f-4d0f-a087-005e832e7853|1.0;0.0;0.0
,,,,,,,,+  2d4da9b5-cb39-446d-8268-1e461ff6e450|50000;0.0;0.0,
null,8e179ff7-fc45-481d-a98d-fffc03a14d7f,Make Steel Cutter Head,,False,54921ba6-55e5-4eef-85c5-02ae8f181ef6,,16,,
,,,,,,,,+  df566582-7dc6-4edc-97b3-5291fe7c2914|1;0.0;0.0,+  6b906d51-885f-4298-9494-630ed3dbd787|1.0;0.0;0.0
,,,,,,,,+  f74ba06d-e11a-47fb-8884-88455342d7a9|3;0.0;0.0,
,,,,,,,,+  94bdd632-af55-45a4-b4ef-ca9fb28bb412|1;0.0;0.0,
,,,,,,,,+  2d4da9b5-cb39-446d-8268-1e461ff6e450|100;0.0;0.0,
null,0448934b-602e-467e-b72c-0526d9866c82,Make Refinery Reactor Vat Conponent,,False,54921ba6-55e5-4eef-85c5-02ae8f181ef6,,16,,
,,,,,,,,+  59679c07-dd2f-457a-bb71-511320ade26b|2;0.0;0.0,+  9e5fbade-804d-4b94-a091-c026047a96c9|1.0;0.0;0.0
,,,,,,,,+  8f2f0023-4940-4480-8add-1e752e427fbf|2;0.0;0.0,
,,,,,,,,+  2d4da9b5-cb39-446d-8268-1e461ff6e450|100;0.0;0.0,
null,aca05fba-a5f8-47ec-bc71-129242b98f3c,Make Refinery Controller,,False,54921ba6-55e5-4eef-85c5-02ae8f181ef6,,16,,
,,,,,,,,+  59679c07-dd2f-457a-bb71-511320ade26b|1;0.0;0.0,+  d52ccdfd-4d16-4915-8e7a-edf72f179771|1.0;0.0;0.0
,,,,,,,,+  94bdd632-af55-45a4-b4ef-ca9fb28bb412|5;0.0;0.0,
,,,,,,,,+  a6fd80b5-c3a6-440a-9708-09b164008212|2;0.0;0.0,
,,,,,,,,+  3b6efe2a-9a14-4a78-b6f8-f91d39daa4eb|40;0.0;0.0,
,,,,,,,,+  2d4da9b5-cb39-446d-8268-1e461ff6e450|100;0.0;0.0,
null,1e459659-4a3a-4bf4-ae99-6499b8a8aa5d,Make Jet Turbine Generator Housing,,False,54921ba6-55e5-4eef-85c5-02ae8f181ef6,,16,,
,,,,,,,,+  59679c07-dd2f-457a-bb71-511320ade26b|1;0.0;0.0,+  707a8ec4-ce17-4801-ab0f-6d157d399e38|1.0;0.0;0.0
,,,,,,,,+  17d682c7-b8d3-4efc-abb8-1c003104d74a|1;0.0;0.0,
,,,,,,,,+  a6fd80b5-c3a6-440a-9708-09b164008212|1;0.0;0.0,
,,,,,,,,+  2d4da9b5-cb39-446d-8268-1e461ff6e450|100;0.0;0.0,
null,70cd4069-1df4-42c6-9182-81e371c7a306,Make High Energy Composite Fuel -Biomass,,False,712afc2d-7c9f-4e8e-b38f-1cfd73f97020,,10,,
,,,,,,,,+  9b917d17-730f-4737-8dac-44cc64c1ec09|1;0.0;0.0,+  de03e593-8961-49dc-ba79-f2c2fc2c704c|1.0;0.0;0.0
,,,,,,,,+  23d9f57d-d260-4822-86ed-420057937106|1;0.0;0.0,
,,,,,,,,+  2d4da9b5-cb39-446d-8268-1e461ff6e450|840;0.0;0.0,
null,e59063d4-e964-4701-8f86-9461e5452301,Make High Energy Composite Fuel -Resin,,False,712afc2d-7c9f-4e8e-b38f-1cfd73f97020,,10,,
,,,,,,,,+  9b917d17-730f-4737-8dac-44cc64c1ec09|1;0.0;0.0,+  de03e593-8961-49dc-ba79-f2c2fc2c704c|1.0;0.0;0.0
,,,,,,,,+  78d9c4cb-605a-4808-9415-335c40903683|1;0.0;0.0,
,,,,,,,,+  2d4da9b5-cb39-446d-8268-1e461ff6e450|840;0.0;0.0,
null,372ef607-5ad6-42ea-93f9-3fe8f230ddf6,Make Pipe Extrusion Plant,,False,54921ba6-55e5-4eef-85c5-02ae8f181ef6,,16,,
,,,,,,,,+  df566582-7dc6-4edc-97b3-5291fe7c2914|1;0.0;0.0,+  c63fe744-0c7c-4b61-ba4f-33a320996e31|1.0;0.0;0.0
,,,,,,,,+  94bdd632-af55-45a4-b4ef-ca9fb28bb412|1;0.0;0.0,
,,,,,,,,+  2d4da9b5-cb39-446d-8268-1e461ff6e450|100;0.0;0.0,
null,5c8b3e85-ae73-40b3-994e-fb669dcdc298,Make Iron Pipe,,False,c63fe744-0c7c-4b61-ba4f-33a320996e31,,999,,
,,,,,,,,+  de85ea7f-2b07-407b-9839-89546c1c0027|1;0.0;0.0,+  47ccb6ca-7159-49db-b123-765e82653e50|1.0;0.0;0.0
null,70a22616-6335-42b1-a93d-c1c02dd33c60,Make Plastic Pellet -Biomass,,False,712afc2d-7c9f-4e8e-b38f-1cfd73f97020,,999,,
,,,,,,,,+  23d9f57d-d260-4822-86ed-420057937106|4;0.0;0.0,+  17d682c7-b8d3-4efc-abb8-1c003104d74a|1.0;0.0;0.0
,,,,,,,,+  2d4da9b5-cb39-446d-8268-1e461ff6e450|840*4;0.0;0.0,
null,6eed8893-1e6c-4a79-bf05-b1c1e56989d9,Make Orbital Energy Transmitter Component,,False,54921ba6-55e5-4eef-85c5-02ae8f181ef6,,16,,
,,,,,,,,+  e3190716-b794-4e7c-b078-814d40a08c36|1;0.0;0.0,+  e3d1041b-0d89-47f5-96f0-3fd836c6c183|1.0;0.0;0.0
,,,,,,,,+  5a21e60b-fd2f-471d-9e8b-30db5550e79c|1;0.0;0.0,
,,,,,,,,+  907626cc-d3af-4a48-ac7d-76e86c285317|1;0.0;0.0,
,,,,,,,,+  78d9c4cb-605a-4808-9415-335c40903683|1;0.0;0.0,
,,,,,,,,+  2d4da9b5-cb39-446d-8268-1e461ff6e450|100;0.0;0.0,
null,75b90b1f-c238-4c8c-804e-21847e163b30,Make Basic Experimental Pod,,False,67cf60c2-80c0-4834-96dc-2822f9a17ae3,,15,,
,,,,,,,,+  262980b9-7dd9-420f-bb67-14bccc773e93|6;0.0;0.0,+  f1de2283-7299-4087-998c-84127eaccad4|1.0;0.0;0.0
,,,,,,,,+  dd329013-47bf-4628-a324-e60943594fd4|2;0.0;0.0,
,,,,,,,,+  2d4da9b5-cb39-446d-8268-1e461ff6e450|1875;0.0;0.0,
null,0893a3f5-c73e-4c02-90f8-66d10ce75f41,Make Research Assembler,,False,54921ba6-55e5-4eef-85c5-02ae8f181ef6,,16,,
,,,,,,,,+  37074be2-d185-4e19-baa5-f53edbcacaf7|1;0.0;0.0,+  67cf60c2-80c0-4834-96dc-2822f9a17ae3|1.0;0.0;0.0
,,,,,,,,+  dd329013-47bf-4628-a324-e60943594fd4|1;;,
,,,,,,,,+  2d4da9b5-cb39-446d-8268-1e461ff6e450|100;0.0;0.0,
null,c97fc6a7-de7c-4c0b-b285-8c0ffbc6e144,Make Simplified Experimental Pod,,False,67cf60c2-80c0-4834-96dc-2822f9a17ae3,,15,,
,,,,,,,,+  730545f7-48d8-43a0-8768-c08d06e58099|6;0.0;0.0,+  5d89b3c8-2249-4385-853f-3245585b7988|1.0;0.0;0.0
,,,,,,,,+  c907d5d4-a458-4e02-bcbd-55b054c1e02f|2;0.0;0.0,
,,,,,,,,+  2d4da9b5-cb39-446d-8268-1e461ff6e450|1875;0.0;0.0,
null,aaf8866c-659b-4c9a-a2a3-aaef5368f634,Make Intermediate Experimental Pod,,False,67cf60c2-80c0-4834-96dc-2822f9a17ae3,,15,,
,,,,,,,,+  d028362a-728f-4a27-8a2c-80d025cf6195|6;0.0;0.0,+  90c35a0c-f804-4b1c-acb7-9712bd2c403f|1.0;0.0;0.0
,,,,,,,,+  8c11ef3c-316d-4f2e-a7cf-feda21eb63bb|2;0.0;0.0,
,,,,,,,,+  2d4da9b5-cb39-446d-8268-1e461ff6e450|1875;0.0;0.0,
null,db2fb9fc-c93d-4e77-beb5-99179d8ab394,Make Charged Experimental Pod,,False,67cf60c2-80c0-4834-96dc-2822f9a17ae3,,15,,
,,,,,,,,+  5c2dfcb7-9608-4471-b4f6-e0233911ba88|6;0.0;0.0,+  aa7c6b2e-0817-4e7e-9178-25c525ebe655|1.0;0.0;0.0
,,,,,,,,+  eee48c10-9a50-434c-8dde-0ea3601b8ce2|2;0.0;0.0,
,,,,,,,,+  2d4da9b5-cb39-446d-8268-1e461ff6e450|1875;0.0;0.0,
null,0c9a177b-e021-4296-b8d4-e0537f7ae526,Make Lithium Plate,,False,2967765d-77f4-4f1d-9303-db3b7fd02d3f,,8,,
,,,,,,,,+  2bfc67d5-4447-4208-926b-a0ba98e90df9|1;0.0;0.0,+  5c2dfcb7-9608-4471-b4f6-e0233911ba88|1;0.0;0.0
null,75b94d66-c3af-47ef-80fc-22b900c14056,Make Gold Plate,,False,2967765d-77f4-4f1d-9303-db3b7fd02d3f,,8,,
,,,,,,,,+  a0438edc-2eb8-4c46-85d8-95915bfad055|1;0.0;0.0,+  83e49854-52c8-4239-a668-2c89bc18a071|1;0.0;0.0
null,811f5902-7255-4811-9012-62e61e83adbf,Make Nickel Plate,,False,2967765d-77f4-4f1d-9303-db3b7fd02d3f,,8,,
,,,,,,,,+  a5ba2215-cff0-4633-b838-f02be291a509|1;0.0;0.0,+  0959b89d-f6c3-411f-b3a4-e5bc8c9a369e|1;0.0;0.0
null,5e9e3c10-a9a8-498d-8c2a-6c716102e64d,Make Advanced Experimental Pod,,False,67cf60c2-80c0-4834-96dc-2822f9a17ae3,,15,,
,,,,,,,,+  83e49854-52c8-4239-a668-2c89bc18a071|6;0.0;0.0,+  5a21e60b-fd2f-471d-9e8b-30db5550e79c|1.0;0.0;0.0
,,,,,,,,+  19c4f3bb-4646-4ce7-82ab-21abcd032a86|2;0.0;0.0,
,,,,,,,,+  2d4da9b5-cb39-446d-8268-1e461ff6e450|1875;0.0;0.0,
null,76faa7d7-ccbd-45c2-94f0-39d7e3b25e5b,Make XL Experimental Pod,,False,67cf60c2-80c0-4834-96dc-2822f9a17ae3,,15,,
,,,,,,,,+  0959b89d-f6c3-411f-b3a4-e5bc8c9a369e|6;0.0;0.0,+  907626cc-d3af-4a48-ac7d-76e86c285317|1.0;0.0;0.0
,,,,,,,,+  4ce0c557-1470-4752-8ca6-9686be97e9aa|2;0.0;0.0,
,,,,,,,,+  2d4da9b5-cb39-446d-8268-1e461ff6e450|1875;0.0;0.0,
null,2cc3d071-26ef-4bfc-8257-81b2a7042172,Make Ultimate Experimental Pod,,False,67cf60c2-80c0-4834-96dc-2822f9a17ae3,,15,,
,,,,,,,,+  b421e574-7dbe-447e-923e-e410f1677f11|6;0.0;0.0,+  e3190716-b794-4e7c-b078-814d40a08c36|1.0;0.0;0.0
,,,,,,,,+  6ab30a93-906f-45c3-8a88-ce62fdd04eb1|2;0.0;0.0,
,,,,,,,,+  2d4da9b5-cb39-446d-8268-1e461ff6e450|1875;0.0;0.0,
null,2d7b7caa-459e-4913-bcf8-3ff89a9ddf14,Make Empty Fuel Canister,,False,4bbc7484-bd1d-41ae-a71a-2119fa8f15c8,,999,,
,,,,,,,,+  47ccb6ca-7159-49db-b123-765e82653e50|1.0;0.0;0.0,+  9b917d17-730f-4737-8dac-44cc64c1ec09|1.0;0.0;0.0
null,f40997cf-060a-4872-9887-73425db190bf,Make Fuel Canister Crafter,,False,54921ba6-55e5-4eef-85c5-02ae8f181ef6,,16,,
,,,,,,,,+  df566582-7dc6-4edc-97b3-5291fe7c2914|5;0.0;0.0,+  4bbc7484-bd1d-41ae-a71a-2119fa8f15c8|1.0;0.0;0.0
,,,,,,,,+  94bdd632-af55-45a4-b4ef-ca9fb28bb412|3;0.0;0.0,
,,,,,,,,+  2d4da9b5-cb39-446d-8268-1e461ff6e450|100;0.0;0.0,
null,92ecdeb1-e3e3-4f34-85a1-b0f218a4edb6,Make Chargeable Explosive,,False,54921ba6-55e5-4eef-85c5-02ae8f181ef6,,16,,
,,,,,,,,+  5c2dfcb7-9608-4471-b4f6-e0233911ba88|32;0.0;0.0,+  1f3d9006-ae48-440a-8626-2874af6dd29e|1.0;0.0;0.0
,,,,,,,,+  78d9c4cb-605a-4808-9415-335c40903683|128;0.0;0.0,
,,,,,,,,+  60603faa-85e0-4e8d-ab22-553d2eefc45c|3;0.0;0.0,
,,,,,,,,+  2d4da9b5-cb39-446d-8268-1e461ff6e450|100;0.0;0.0,
