﻿ParentID,ID,Name,Type,IsExcluded,Unit,Description
null,97ed859a-27e1-4eea-aabe-b0dd3ea95e81,Ore Smelter,Type,False,One of,开始冶炼之前需要预热，耗电量也会逐渐下降，最后稳定到3.5PPS
null,87f39cd1-fe54-4ae7-9754-2c4f3cd09dc7,Copper Ore,Type,False,,
null,8145f639-d9be-4cd0-aa4f-df2371968d3a,Copper Bar,Type,False,,
null,2d4da9b5-cb39-446d-8268-1e461ff6e450,Power,Type,False,,
null,2f8bdbbe-8d1e-4008-a1a1-e8ab74e5227d,Tin Bar,Type,False,,
null,6e3ab857-7080-41b2-a623-b7655b9b675c,Tin Ore,Type,False,,锡矿
null,54921ba6-55e5-4eef-85c5-02ae8f181ef6,Manufacturing Plan,Type,False,,
null,730545f7-48d8-43a0-8768-c08d06e58099,Tin Plate,Type,False,,
null,8f1721f8-7968-41ae-b231-b0e9ed549e18,Copper Wire,Type,False,,
null,0d5e53bd-6e6a-4645-abb9-b014592a7949,Conveyor Belt,Type,False,,
null,2967765d-77f4-4f1d-9303-db3b7fd02d3f,Stamper Plant,Type,False,,
null,c9c46dc9-2b67-4ad8-a921-00ef3ca0cfa5,Extrusion Plant,Type,False,,
null,b295ff53-042e-46ce-8308-83f2ab6b897d,Coiler Plant,Type,False,,
null,041b8109-73d3-45c2-a7df-ecb67d06e06f,Iron Gear Maker,Type,False,,
null,2f8ea4c6-b2e3-4742-b79e-279abd40c567,Lightweight Machine Housing Crafter,Type,False,,
null,95f1a354-8825-4f57-998f-f3c0b13e53c5,Lithium Coil Charger,Type,False,,
null,d6fd4a97-52c2-4b90-8c9b-a0e2d9cdc994,Ore Extractor,Type,False,,耗电0.4PPS，15秒出2矿石
null,37074be2-d185-4e19-baa5-f53edbcacaf7,Lightweight Machine Housing,Type,False,,
null,8c28db0c-a725-443a-9f50-2a017c6aa15f,Iron Ore,Type,False,,
null,de85ea7f-2b07-407b-9839-89546c1c0027,Iron Bar,Type,False,,
null,d028362a-728f-4a27-8a2c-80d025cf6195,Iron Plate,Type,False,,
null,b4f5c914-4178-41b4-87fe-daca4d5cd93d,Storage Hopper,Type,False,,
null,df566582-7dc6-4edc-97b3-5291fe7c2914,Iron Gear,Type,False,,
null,ab8080ac-4a3c-4fdd-b32b-35cbf86a322a,Mini Hopper,Type,False,One of,
null,d623b5d3-25b8-46ad-b273-c31f1637de27,shit,Type,False,One of,
null,1285d80d-7888-4816-8fe9-7623853895f1,Coiler Plant,Type,False,One of,
null,75a5d588-2038-4b51-afd2-030904be6583,Copper Coil,Type,False,,
null,c907d5d4-a458-4e02-bcbd-55b054c1e02f,Primary PCB,Type,False,,
null,98413d48-326c-4b07-946c-87b5a57ccd0c,PCB Assembling Plant,Type,False,,
null,032bedca-52ba-4411-a652-2528330584bb,Lithium Wire,Type,False,One of,
null,fc8b9e55-7429-41f6-a4e4-c2485ce26ac2,Lithium Coil,Type,False,One of,
null,2bfc67d5-4447-4208-926b-a0ba98e90df9,Lithium Bar,Type,False,,
null,cf098e8c-2af9-4fe6-a88a-46c59bac9f2d,ServoMotor Maker,Type,False,,
null,0c4e1e96-1f4b-4a41-ba81-9e239a948fe0,ServoMotor,Type,False,,
null,9d88f827-9300-4588-bc6f-7edca01dfeb7,Macerator,Type,False,,销毁物品，某些物品销毁时有几率产生矿物
null,67cf60c2-80c0-4834-96dc-2822f9a17ae3,Research Assembler,Type,False,One of,
null,262980b9-7dd9-420f-bb67-14bccc773e93,Copper Plate,Type,False,One of,
null,f1de2283-7299-4087-998c-84127eaccad4,Basic Experimental Pod,Type,False,,
null,4309da8a-e1e6-4863-a42e-e26e40512367,Enriched Coal,Type,False,,
null,3f94c9b3-c30d-4f00-ac51-e3d79732f860,Coal Enricher,Type,False,,
null,3927e6a6-a040-40fb-a8f2-6078974540a2,Coal,Type,False,,
null,8d06d93b-02c9-439d-9d78-7372e9c5d1a0,Pyrothermic Generator,Type,False,,"可是使用多种燃料（发电力不通），树叶，发光盒，原木，煤炭，富集煤，浸渍煤；
当高度低于-25时，效率每下降1，效率下降3%，-55时效率只有10%；再低，输出只有3.8 PPS；
每个面输出最大128 PPS，多个面可增加输出带宽；"
null,b3d4ae33-f53e-46ab-864f-644a2e044d5b,Forced Induction,Type,False,One of,"2x smelting speed (from 16 ore\min to 32 ore\min)
2x energy consumption (from 3.3pps to 6.6pps)"
null,94bdd632-af55-45a4-b4ef-ca9fb28bb412,Charged Lithium Coil,Type,False,,
null,9b3f4019-fb57-4968-a4f0-7807bb51feef,Gold Ore,Type,False,,
null,a0438edc-2eb8-4c46-85d8-95915bfad055,Gold Bar,Type,False,,
null,18e97570-c5df-4eb4-a3e8-4bb1bbea0bf0,Gold Wire,Type,False,,
null,6ccf3952-5788-41a7-b78a-2044a5085951,Gold Foil Crafter,Type,False,,
null,a6fd80b5-c3a6-440a-9708-09b164008212,Gold Foil,Type,False,,
null,df44efb6-d60e-4d6f-a854-5fad251c4db1,Titanium Ore,Type,False,,
null,9041d553-acbe-45fc-8f7b-f9b2f5a43afe,Titanium Bar,Type,False,,
null,b421e574-7dbe-447e-923e-e410f1677f11,Titanium Plate,Type,False,,
null,7b4bb34d-090e-4cc5-94e5-5acf3e1db831,Titanium Housing Crafter,Type,False,,
null,8f2f0023-4940-4480-8add-1e752e427fbf,Titanium Housing,Type,False,,
null,afc0a81f-a4a4-4d0c-9f1d-820b0e6bd78f,Conduit,Type,False,,"15k PPS, with Max Range 128;"
null,a33bfedc-d66c-4e4e-82de-a0bf9d043fd0,Basic Laser Energy Transmitter,Type,False,One of,
null,ce51bbb1-0ee6-4648-8394-ac3786ea6eac,Laser Energy Transmitter,Type,False,One of,
null,3667917f-319a-4bb3-be07-8595ab9ab55b,Laser Energy Transmitter MKII,Type,False,One of,
null,67927faa-a78b-4268-90c8-6e6e47ecb985,Laser Energy Transmitter MKIII,Type,False,One of,
null,713052ef-b5a6-4c8a-90a2-1f1fff291dae,Induction Charger,Type,False,One of,
null,9423d4ed-62a2-416d-98e6-5391eb5553a5,Lithium Ore,Type,False,,
null,eedd368b-2578-48fb-b382-e7daaea65364,Power Storage Block,Type,False,One of,容量 200
null,c513a0cc-ce0c-460a-a9d7-b4ed854af63d,Power Storage MK2,Type,False,One of,容量 1500
null,2a5654cf-afaf-4d4a-9085-6c2dfb46b0ba,Power Storage MK3,Type,False,One of,容量 5000
null,72147be4-c471-45df-ac16-61de93f76aa4,Tin Wire,Type,False,,
null,4860a91d-2a74-4082-bc6b-586dcd46b611,Iron Wire,Type,False,,
null,cb22b984-4192-40e1-bb08-558accd77769,Titanium Wire,Type,False,,
null,126fd3da-6e85-42e4-b010-641fe3d42e84,Nickel Wire,Type,False,,
null,a5ba2215-cff0-4633-b838-f02be291a509,Nickel Bar,Type,False,,
null,18b74131-837b-4449-804e-79dea9f39b38,Nickel Ore,Type,False,,
null,9b78f961-a0b2-4530-b39c-f16869e9cc48,Tin Coil,Type,False,,
null,84515a2c-48bf-49a3-a95d-51be6d36f6f7,Iron Coil,Type,False,,
null,72354ded-227e-4476-b7f6-0f2bde7a8a6d,Gold Coil,Type,False,,
null,982140d3-9be8-472a-aa51-3e5c6c535e38,Titanium Coil,Type,False,,
null,5465e474-b595-4e20-adaf-d3bff6ef55c9,Nickel Coil,Type,False,,
null,0e5bf099-3fa3-4b9a-925f-d559524d2d4a,Primary Upgrade Module Maker,Type,False,One of,Power desire 5 PPS;
null,0beab949-f39f-4d8d-b2be-5ebfa258395f,Primary Upgrade Module,Type,False,,
null,16440b23-bcb0-4902-aa57-b861926352a5,Secondary Upgrade Module Maker,Type,False,One of,Power desire 150 PPS;
null,7f8bb47b-cf69-460f-9275-261f4179f478,Secondary Upgrade Module,Type,False,,
null,dd329013-47bf-4628-a324-e60943594fd4,Basic PCB,Type,False,,
null,8c11ef3c-316d-4f2e-a7cf-feda21eb63bb,Hardened PCB,Type,False,,
null,eee48c10-9a50-434c-8dde-0ea3601b8ce2,Charged PCB,Type,False,,
null,19c4f3bb-4646-4ce7-82ab-21abcd032a86,Conductive PCB,Type,False,,
null,6ab30a93-906f-45c3-8a88-ce62fdd04eb1,Lightweight PCB,Type,False,,
null,4ce0c557-1470-4752-8ca6-9686be97e9aa,Fortified PCB,Type,False,,
null,922565f2-72cc-4ff5-856f-351cddab9795,Mini Hopper,Type,False,,每面输出速率 12/min（标准Hopper为 50/min）；容量10；
null,eea62078-37ad-4815-8903-94307482d85a,Logistics Hopper,Type,False,,每面输出速率 ？（低于标准Hopper速率）；容量2；
null,7e55ef9c-8989-4f42-8095-63f9b42723de,Storage Hopper,Type,False,,每面输出速率  50/min；如果使用电动传送带，速度可提升到 150/min；容量100；
null,728c4758-6fd5-4843-a667-9fe832d7cfe7,Directional Storage Hopper,Type,True,,"只允许从一个面输出，其他和标准Hopper一样；
* 说是只允许从一个面输出，也仅限于传送带或管道，机器的话，任何面不受限制；"
null,ec7f1795-59b0-4bd4-8965-ba1e288b2ae1,Cryo Hopper,Type,False,,用于保鲜，需求电力 50 PPS；如果放在冰冻层，达到冷藏温度后，耗电将维持在 13 PPS；
null,06d04ca6-66e1-42e9-8b38-cf0fc266b3d0,MK1 PowerCore Charger,Type,False,One of,
null,e8d6a946-a548-4422-a36d-42a0414ff1cf,MK1 Power Booster,Type,False,One of,给ARTHER充电100；制作却需要耗电500；
null,71a53ea9-7a98-4145-9e6c-f5f6d7928280,MK2 PowerCore Charger,Type,False,One of,
null,4520576a-558f-4e2a-ba45-4c804224f20f,MK2 Power Booster,Type,False,One of,给ARTHER充电250；制作却需要耗电1250；
null,2656dbb5-1859-49ac-b771-3a6856d0b2bc,Crystal Coal Infuser,Type,False,,
null,e5479aa6-f831-4eec-9a96-5dbefab63907,Crystal Clock Maker,Type,False,,
null,2f631d3f-a65a-4d6a-8685-2b58a8d2f567,Crystal Deposit,Type,False,,
null,3b6efe2a-9a14-4a78-b6f8-f91d39daa4eb,Crystal Clock,Type,False,,
null,467564f5-2d40-4aba-8e44-99c4b8fd008d,Steel Alloy Smelter,Type,False,,
null,f74ba06d-e11a-47fb-8884-88455342d7a9,Low Grade Steel Bar,Type,False,,
null,5224dfca-95fa-48f2-afc3-0eb0da031cfe,Infused Coal,Type,False,,
null,12d53093-d773-4356-95cf-b954cc93e2a4,Organic Rock,Type,False,,
null,ea7c78d8-07c5-4a72-9a3f-0fe9d9d130ed,MK3 PowerCore Charger,Type,False,,
null,60603faa-85e0-4e8d-ab22-553d2eefc45c,MK3 Power Booster,Type,False,,给ARTHER充电500；制作却需要耗电2500；
null,e6b9940c-dc0f-4a48-a62d-5ccab8e2b124,MK4 PowerCore Charger,Type,False,,
null,000edf7b-2455-4d0c-bd95-78a1f7693d5b,MK4 Power Booster,Type,False,,给ARTHER充电1000；制作却需要耗电5000；
null,25ee3d63-0c8d-48eb-88d6-d8e7a667a7aa,MK5 PowerCore Charger,Type,False,,
null,96718bfe-63b7-4897-8245-4edcf6d943cd,MK5 Power Booster,Type,False,,给ARTHER充电2000；制作却需要耗电10000；
null,243aa218-523b-435a-9800-6bf2aae2b2d5,Hardened Block Assembler,Type,False,,
null,b0642853-01c0-4c89-9557-b500957a7416,Hardened Machine Block,Type,False,,
null,218a467e-b5c4-4f0c-86ab-e251d143a5a5,Half Storage Hopper,Type,False,,
null,4b55a9b0-c1e4-4ac8-abec-1763d835f524,Transport Pipe,Type,False,,
null,e4c14178-c88d-415e-8e1d-c43e73f74920,Alloyed Upgrade Module Maker,Type,False,,
null,c7aaf7d4-b8fe-4b61-b89f-2f91924d89b9,Alloyed Machine Block,Type,False,,
null,61e87ecc-cd14-4beb-93a5-d76fae07d12c,Alloyed Block Assembler,Type,False,,
null,b7d22368-ae75-4451-a7ba-a53b2bd1693b,Alloyed Upgrade Module,Type,False,,
null,31c57eec-917a-4d54-858c-20b0bce968f6,Precision Alloyed Machine Block Assembler,Type,False,,
null,c2a3fc70-753a-4702-b686-f168a940a258,Ultimate Upgrade Module Maker,Type,False,,
null,789eeaa1-bd64-4421-86bc-713ee2b93856,Ultimate Upgrade Module,Type,False,,
null,78d9c4cb-605a-4808-9415-335c40903683,Refined Liquid Resin,Type,False,,
null,8b9502dd-ecbc-4906-b7cb-5121e438f594,Liquid Resin Refiner,Type,False,,
null,c378b67f-bea6-4da0-98ca-041b36b4fc73,Crude Organic Lens,Type,False,,
null,9faacf12-3bac-4685-85ac-883b91c14896,Pristine Faceted Eye,Type,False,,"Pristine Faceted Eyes drop from Wasps, Hiveminds and Slimes; Or crafted from 15 Recombined Organic Matter."
null,3a4b4918-f25e-49b2-9214-46db8e20ca48,Hand,Type,False,,
null,072b33b7-b9cd-4e77-ae4d-8b5bcb6784b6,Recombined Organic Matter,Type,False,,
null,a30052b8-c74b-4297-80e9-f743046f6c78,Liquified Resin,Type,False,,
null,a3003939-5b9f-435b-bf28-90b40e4e3934,Hardened Resin,Type,False,,
null,9e8f73a1-667b-4c1e-b388-14b4de3f8089,Laser Resin Liquifier,Type,False,,Radius 16m.
null,e36ac142-6907-4810-b98d-bb755d79bcc4,Ablated Resin,Type,False,,
null,7feedf74-37c0-41aa-acc5-5386331c0f6b,Laser Resin Ablator,Type,False,,Max radius 16m.
null,e185c179-3523-48a7-b466-eb723820a7a7,Basic Drill Motor,Type,False,,"Increases speed to 200%, 16 OPM.
Power usage to .94 PPS."
null,b7950b9d-0698-441d-a8c5-4534260b8699,Enhanced Drill Motor,Type,False,,"Increases speed to 400%, 32 OPM.
Power usage to 1.94 PPS."
null,d1968dfa-0607-42b6-82dd-8313883d8663,Magnetic Drill Motor,Type,False,,"Increases speed to 800%, 64 OPM.
Power usage to 3.94 PPS."
null,6641665f-95d8-4d69-a357-ba6222043282,Fusion Drill Motor,Type,False,,"Increases speed to 1600%, 128 OPM.
Power usage to 7.94 PPS."
null,e35902bb-d6f4-40a8-8df1-d25ce2315cb8,Antimatter Drill Motor,Type,False,,"Increases speed to 3200%, 256 OPM.
Power usage to 15.94 PPS."
null,9bef2e9b-2002-4c00-87f4-0652257d58a9,MK2 Forced Induction,Type,False,,"4 x faster smelting speed (from 16 ore\min to 48 ore\min)
4 x larger energy consumption (from 3.3pps to 13.2 pps)"
null,625baf98-16bb-4957-aed4-4594e6b845fe,MK3 Forced Induction,Type,False,,"8 x faster smelting speed (from 16 ore\min to 64 ore\min)
8 x larger energy consumption (from 3.3pps to 26.4pps)"
null,e3bfd028-306d-4cf4-ae91-01eca8d4dafc,MK4 Forced Induction,Type,False,,"Doubles the speed at which the smelter draws ores from a connected hopper. Smelting speed is the same as the MK3 Forced Induction.
The MK4 Forced Induction is used in crafting the MK5 Forced Induction."
null,61ab8c50-396b-435c-80e6-a1d7451be48b,MK5 Forced Induction,Type,False,,Quadruples the speed at which the smelter can draw ores from a connected hopper. Same smelting speed as MK3 and MK4.
null,ace48382-bca2-4e01-a398-b382e95bf171,Solar Panel,Type,False,,"22.5 PPS Peak, 6.56 PPS Average;
Will NOT work if there's a Space window and regular Window block above them."
null,415e99a9-3425-4a9a-8cfb-16c662799315,Solar Panel Mk2,Type,False,,"405 PPS Peak, 118.06 PPS Average;"
null,6337594d-58e0-4a36-ae11-d8f35b179049,Organic Solar Panel Mk2,Type,False,,"540 PPS Peak, 165.5 PPS Average; 12 PPS from Novalight;"
null,c3bb78f3-b685-4afc-82a8-926cbb29420d,Polished Chrome Lens,Type,False,,Increases power transfer by 400%.
null,5f444569-4194-458e-a990-279d4e58479d,Unfocused Polished Lens,Type,False,,
null,6872541c-24a0-4824-a961-2debd11a10d5,Chromium Bar,Type,False,,
null,ed2e9204-03ab-45ec-9846-12c7891f4fcc,Lens Polisher,Type,False,,
null,23bf0064-7307-4373-ac9b-befdcbaf4a9f,Crystal Overclocker,Type,False,,Use 250 PPS for 120 sec to make 1 Overclocked Crystal.
null,da01be6d-8caa-47bd-936a-135876d47cf6,Overclocked Crystal Clock,Type,False,,
null,59679c07-dd2f-457a-bb71-511320ade26b,Advanced Machine Block,Type,False,,
null,b2e193a0-a8d5-4b6c-8a8c-c68f2a31226f,Advanced Machine Block Assembler,Type,False,,Desired PPS 15;
null,077993a6-c30d-4a52-a815-9dacad1341b5,Imbued Machine Block,Type,False,,
null,ccf86a1c-db8c-4649-b21e-5e3c0fb0ecce,Imbued Machine Block Assembler,Type,False,,
null,42a6a430-266b-4eff-8ce0-eb91ab23a410,Lens Chromer,Type,False,,"1 Polished Chromed Lens every 150 seconds, desired 64 PPS;"
null,817640b7-0e4f-4750-86b1-a9557a297266,Blast Furnace,Type,False,,"Desired 2500 PPS;
相比电弧炉，它效能只有一半，每bar要小号32 ore；电弧炉只消耗16 ore；
Smelting T4 ore at a base rate of 20 per minute, but half as efficient, consuming 32 rather than 16 units of T4 ore per bar."
null,8e016d53-e872-43a0-8e64-82e7c3e1564f,ARC Smelter Upgrade,Type,False,One of,"仅用于冶炼T4矿物；
减速400%，矿物消耗提升4倍（16 ore），预热时耗电5120 PPS；"
null,f944448f-960b-450c-b17d-d878240e6bd2,Plasma Head Charger,Type,False,,"Imbues it with 50,000 power creating a Plasma-Imbued Cutter Head;"
null,6b906d51-885f-4298-9494-630ed3dbd787,Steel Cutter Head,Type,False,,
null,cfbdf733-e42f-4d0f-a087-005e832e7853,Plasma Cutter Head,Type,False,,
null,17d682c7-b8d3-4efc-abb8-1c003104d74a,Plastic Pellet,Type,False,,Made by processing 4 Biomass in the Refinery Reactor Vat.
null,707a8ec4-ce17-4801-ab0f-6d157d399e38,Jet Turbine Generator Housing,Type,False,,Need to craft 36 copies of the block to build the housing;
null,9e5fbade-804d-4b94-a091-c026047a96c9,Refinery Reactor Vat Conponent,Type,False,,The Refinery Reactor Vat is a 3x3x3 (27 blocks) multi-block machine to convert Biomass into Plastic Pellets or High Energy Composite Fuel.
null,d52ccdfd-4d16-4915-8e7a-edf72f179771,Refinery Controller,Type,False,,
null,712afc2d-7c9f-4e8e-b38f-1cfd73f97020,Refinery,Type,False,,需要 空燃料罐；制作高能燃料，每个需要840 Power，每个Vat每分钟产出5个；
null,de03e593-8961-49dc-ba79-f2c2fc2c704c,High Energy Composite Fuel,Type,False,,制造时间10s，喷气机燃烧时间30s，输出1822.67 PPS，发电量 54680 Power；
null,9b917d17-730f-4737-8dac-44cc64c1ec09,Empty Fuel Canister,Type,False,,
null,23d9f57d-d260-4822-86ed-420057937106,Biomass,Type,False,,"Biomass veins are most commonly found at depths equivalent to the Toxic Caverns or approx -350m and -550m.
Ore Extractors must be fitted with a Cutting head before they will operate."
null,47ccb6ca-7159-49db-b123-765e82653e50,Iron Pipe,Type,False,,
null,c63fe744-0c7c-4b61-ba4f-33a320996e31,Pipe Extrusion Plant,Type,False,,
null,e3d1041b-0d89-47f5-96f0-3fd836c6c183,Orbital Energy Transmitter Component,Type,False,One of,"The OET is built 13 tall with a 9x9 base of OET components. This requires in total 1053 blocks;
OET requires 100 million power to charge;"
null,5d89b3c8-2249-4385-853f-3245585b7988,Simplified Experimental Pod,Type,False,,
null,90c35a0c-f804-4b1c-acb7-9712bd2c403f,Intermediate Experimental Pod,Type,False,,
null,907626cc-d3af-4a48-ac7d-76e86c285317,Experimental Experimental Pod,Type,False,,
null,5a21e60b-fd2f-471d-9e8b-30db5550e79c,Advanced Experimental Pod,Type,False,,
null,e3190716-b794-4e7c-b078-814d40a08c36,Ultimate Experimental Pod,Type,False,,
null,aa7c6b2e-0817-4e7e-9178-25c525ebe655,Complex Experimental Pod,Type,False,,
null,5c2dfcb7-9608-4471-b4f6-e0233911ba88,Lithium Plate,Type,False,,
null,83e49854-52c8-4239-a668-2c89bc18a071,Gold Plate,Type,False,,
null,0959b89d-f6c3-411f-b3a4-e5bc8c9a369e,Nickel Plate,Type,False,,
null,4bbc7484-bd1d-41ae-a71a-2119fa8f15c8,Fuel Canister Crafter,Type,False,,
null,1f3d9006-ae48-440a-8626-2874af6dd29e,Chargeable Explosive,Type,False,One of,"Level Power Req. Radius
1 100    5
2 1,000    10
3 10,000    15
4 100,000    20
5 1,000,000    25
6 10,000,000    30
7 100,000,000    35
8 1,000,000,000    40
9 10,000,000,000    45
10 (Max) 100,000,000,000    50"
