﻿ParentID,ID,Name,IsExcluded,Speed,ContentList,,,,,Description
null,9b7bfaf1-68c4-4f6d-b997-39dde70fad28,Conveyor Belt,True,1,,,,,,
,,,,,+87f39cd1-fe54-4ae7-9754-2c4f3cd09dc7,+8145f639-d9be-4cd0-aa4f-df2371968d3a,+6e3ab857-7080-41b2-a623-b7655b9b675c,+730545f7-48d8-43a0-8768-c08d06e58099,+8f1721f8-7968-41ae-b231-b0e9ed549e18,
,,,,,+97ed859a-27e1-4eea-aabe-b0dd3ea95e81,+54921ba6-55e5-4eef-85c5-02ae8f181ef6,+0d5e53bd-6e6a-4645-abb9-b014592a7949,+2967765d-77f4-4f1d-9303-db3b7fd02d3f,+c9c46dc9-2b67-4ad8-a921-00ef3ca0cfa5,
,,,,,+b295ff53-042e-46ce-8308-83f2ab6b897d,+041b8109-73d3-45c2-a7df-ecb67d06e06f,+2f8ea4c6-b2e3-4742-b79e-279abd40c567,+95f1a354-8825-4f57-998f-f3c0b13e53c5,+d6fd4a97-52c2-4b90-8c9b-a0e2d9cdc994,
,,,,,+37074be2-d185-4e19-baa5-f53edbcacaf7,+8c28db0c-a725-443a-9f50-2a017c6aa15f,+de85ea7f-2b07-407b-9839-89546c1c0027,+d028362a-728f-4a27-8a2c-80d025cf6195,+df566582-7dc6-4edc-97b3-5291fe7c2914,
,,,,,+8f2f0023-4940-4480-8add-1e752e427fbf,+7b4bb34d-090e-4cc5-94e5-5acf3e1db831,+b421e574-7dbe-447e-923e-e410f1677f11,+9041d553-acbe-45fc-8f7b-f9b2f5a43afe,+df44efb6-d60e-4d6f-a854-5fad251c4db1,
,,,,,+6ccf3952-5788-41a7-b78a-2044a5085951,+18e97570-c5df-4eb4-a3e8-4bb1bbea0bf0,+a0438edc-2eb8-4c46-85d8-95915bfad055,+9b3f4019-fb57-4968-a4f0-7807bb51feef,+b3d4ae33-f53e-46ab-864f-644a2e044d5b,
,,,,,+f1de2283-7299-4087-998c-84127eaccad4,+262980b9-7dd9-420f-bb67-14bccc773e93,+2bfc67d5-4447-4208-926b-a0ba98e90df9,+fc8b9e55-7429-41f6-a4e4-c2485ce26ac2,+032bedca-52ba-4411-a652-2528330584bb,
,,,,,+75a5d588-2038-4b51-afd2-030904be6583,+2f8bdbbe-8d1e-4008-a1a1-e8ab74e5227d,+467564f5-2d40-4aba-8e44-99c4b8fd008d,+f74ba06d-e11a-47fb-8884-88455342d7a9,+3b6efe2a-9a14-4a78-b6f8-f91d39daa4eb,
,,,,,+e8d6a946-a548-4422-a36d-42a0414ff1cf,+06d04ca6-66e1-42e9-8b38-cf0fc266b3d0,+ec7f1795-59b0-4bd4-8965-ba1e288b2ae1,+728c4758-6fd5-4843-a667-9fe832d7cfe7,+7e55ef9c-8989-4f42-8095-63f9b42723de,
,,,,,+eea62078-37ad-4815-8903-94307482d85a,+922565f2-72cc-4ff5-856f-351cddab9795,+4ce0c557-1470-4752-8ca6-9686be97e9aa,+6ab30a93-906f-45c3-8a88-ce62fdd04eb1,+19c4f3bb-4646-4ce7-82ab-21abcd032a86,
,,,,,+eee48c10-9a50-434c-8dde-0ea3601b8ce2,+8c11ef3c-316d-4f2e-a7cf-feda21eb63bb,+dd329013-47bf-4628-a324-e60943594fd4,+7f8bb47b-cf69-460f-9275-261f4179f478,+16440b23-bcb0-4902-aa57-b861926352a5,
,,,,,+0beab949-f39f-4d8d-b2be-5ebfa258395f,+0e5bf099-3fa3-4b9a-925f-d559524d2d4a,+5465e474-b595-4e20-adaf-d3bff6ef55c9,+982140d3-9be8-472a-aa51-3e5c6c535e38,+72354ded-227e-4476-b7f6-0f2bde7a8a6d,
,,,,,+84515a2c-48bf-49a3-a95d-51be6d36f6f7,+9b78f961-a0b2-4530-b39c-f16869e9cc48,+18b74131-837b-4449-804e-79dea9f39b38,+a5ba2215-cff0-4633-b838-f02be291a509,+126fd3da-6e85-42e4-b010-641fe3d42e84,
,,,,,+cb22b984-4192-40e1-bb08-558accd77769,+4860a91d-2a74-4082-bc6b-586dcd46b611,+72147be4-c471-45df-ac16-61de93f76aa4,+2a5654cf-afaf-4d4a-9085-6c2dfb46b0ba,+c513a0cc-ce0c-460a-a9d7-b4ed854af63d,
,,,,,+eedd368b-2578-48fb-b382-e7daaea65364,+98413d48-326c-4b07-946c-87b5a57ccd0c,+243aa218-523b-435a-9800-6bf2aae2b2d5,+218a467e-b5c4-4f0c-86ab-e251d143a5a5,+b0642853-01c0-4c89-9557-b500957a7416,
,,,,,+96718bfe-63b7-4897-8245-4edcf6d943cd,+25ee3d63-0c8d-48eb-88d6-d8e7a667a7aa,+000edf7b-2455-4d0c-bd95-78a1f7693d5b,+e6b9940c-dc0f-4a48-a62d-5ccab8e2b124,+60603faa-85e0-4e8d-ab22-553d2eefc45c,
,,,,,+ea7c78d8-07c5-4a72-9a3f-0fe9d9d130ed,+4b55a9b0-c1e4-4ac8-abec-1763d835f524,+6641665f-95d8-4d69-a357-ba6222043282,+61ab8c50-396b-435c-80e6-a1d7451be48b,+e3bfd028-306d-4cf4-ae91-01eca8d4dafc,
,,,,,+625baf98-16bb-4957-aed4-4594e6b845fe,+9bef2e9b-2002-4c00-87f4-0652257d58a9,+e35902bb-d6f4-40a8-8df1-d25ce2315cb8,+d1968dfa-0607-42b6-82dd-8313883d8663,+b7950b9d-0698-441d-a8c5-4534260b8699,
,,,,,+e185c179-3523-48a7-b466-eb723820a7a7,+7feedf74-37c0-41aa-acc5-5386331c0f6b,+e36ac142-6907-4810-b98d-bb755d79bcc4,+9e8f73a1-667b-4c1e-b388-14b4de3f8089,+a3003939-5b9f-435b-bf28-90b40e4e3934,
,,,,,+a30052b8-c74b-4297-80e9-f743046f6c78,+072b33b7-b9cd-4e77-ae4d-8b5bcb6784b6,+3a4b4918-f25e-49b2-9214-46db8e20ca48,+9faacf12-3bac-4685-85ac-883b91c14896,+c378b67f-bea6-4da0-98ca-041b36b4fc73,
,,,,,+8b9502dd-ecbc-4906-b7cb-5121e438f594,+78d9c4cb-605a-4808-9415-335c40903683,+789eeaa1-bd64-4421-86bc-713ee2b93856,+c2a3fc70-753a-4702-b686-f168a940a258,+31c57eec-917a-4d54-858c-20b0bce968f6,
,,,,,+b7d22368-ae75-4451-a7ba-a53b2bd1693b,+61e87ecc-cd14-4beb-93a5-d76fae07d12c,+c7aaf7d4-b8fe-4b61-b89f-2f91924d89b9,+e4c14178-c88d-415e-8e1d-c43e73f74920,,
null,677abae8-c80d-4894-8495-8af51ab00b38,Basic Laser Energy Transmitter,False,0.9,,,,,,
,,,,,+2d4da9b5-cb39-446d-8268-1e461ff6e450,,,,,
null,22a33960-00c5-4760-a157-f300b4264086,Laser Energy Transmitter MK1,False,10,,,,,,
,,,,,+2d4da9b5-cb39-446d-8268-1e461ff6e450,,,,,
null,e3818840-4af1-454b-b7ad-931c996bbc29,Laser Energy Transmitter MK2,False,40,,,,,,
,,,,,+2d4da9b5-cb39-446d-8268-1e461ff6e450,,,,,
null,59fae720-38f3-405e-94e9-51b2cf9f5cee,Laser Energy Transmitter MK3,False,320,,,,,,
,,,,,+2d4da9b5-cb39-446d-8268-1e461ff6e450,,,,,
null,799e33bd-7ac1-43ec-8e0d-16dcec62b443,Conduit,False,15000,,,,,,
,,,,,+2d4da9b5-cb39-446d-8268-1e461ff6e450,,,,,
null,47e31e71-2320-4552-9ffc-376f972165f2,Transport Pipe,False,2.5,,,,,,
,,,,,+25ee3d63-0c8d-48eb-88d6-d8e7a667a7aa,+4b55a9b0-c1e4-4ac8-abec-1763d835f524,+218a467e-b5c4-4f0c-86ab-e251d143a5a5,+b0642853-01c0-4c89-9557-b500957a7416,+243aa218-523b-435a-9800-6bf2aae2b2d5,
,,,,,+f74ba06d-e11a-47fb-8884-88455342d7a9,+467564f5-2d40-4aba-8e44-99c4b8fd008d,+3b6efe2a-9a14-4a78-b6f8-f91d39daa4eb,+ec7f1795-59b0-4bd4-8965-ba1e288b2ae1,+728c4758-6fd5-4843-a667-9fe832d7cfe7,
,,,,,+7e55ef9c-8989-4f42-8095-63f9b42723de,+eea62078-37ad-4815-8903-94307482d85a,+922565f2-72cc-4ff5-856f-351cddab9795,+4ce0c557-1470-4752-8ca6-9686be97e9aa,+0beab949-f39f-4d8d-b2be-5ebfa258395f,
,,,,,+0e5bf099-3fa3-4b9a-925f-d559524d2d4a,+5465e474-b595-4e20-adaf-d3bff6ef55c9,+982140d3-9be8-472a-aa51-3e5c6c535e38,+72354ded-227e-4476-b7f6-0f2bde7a8a6d,+84515a2c-48bf-49a3-a95d-51be6d36f6f7,
,,,,,+9b78f961-a0b2-4530-b39c-f16869e9cc48,+18b74131-837b-4449-804e-79dea9f39b38,+a5ba2215-cff0-4633-b838-f02be291a509,+126fd3da-6e85-42e4-b010-641fe3d42e84,+cb22b984-4192-40e1-bb08-558accd77769,
,,,,,+4860a91d-2a74-4082-bc6b-586dcd46b611,+72147be4-c471-45df-ac16-61de93f76aa4,+2a5654cf-afaf-4d4a-9085-6c2dfb46b0ba,+c513a0cc-ce0c-460a-a9d7-b4ed854af63d,+eedd368b-2578-48fb-b382-e7daaea65364,
,,,,,+9423d4ed-62a2-416d-98e6-5391eb5553a5,+713052ef-b5a6-4c8a-90a2-1f1fff291dae,+67927faa-a78b-4268-90c8-6e6e47ecb985,+3667917f-319a-4bb3-be07-8595ab9ab55b,+ce51bbb1-0ee6-4648-8394-ac3786ea6eac,
,,,,,+a33bfedc-d66c-4e4e-82de-a0bf9d043fd0,+afc0a81f-a4a4-4d0c-9f1d-820b0e6bd78f,+8f2f0023-4940-4480-8add-1e752e427fbf,+7b4bb34d-090e-4cc5-94e5-5acf3e1db831,+b421e574-7dbe-447e-923e-e410f1677f11,
,,,,,+9041d553-acbe-45fc-8f7b-f9b2f5a43afe,+df44efb6-d60e-4d6f-a854-5fad251c4db1,+a6fd80b5-c3a6-440a-9708-09b164008212,+6ccf3952-5788-41a7-b78a-2044a5085951,+18e97570-c5df-4eb4-a3e8-4bb1bbea0bf0,
,,,,,+a0438edc-2eb8-4c46-85d8-95915bfad055,+9b3f4019-fb57-4968-a4f0-7807bb51feef,+b3d4ae33-f53e-46ab-864f-644a2e044d5b,+8d06d93b-02c9-439d-9d78-7372e9c5d1a0,+f1de2283-7299-4087-998c-84127eaccad4,
,,,,,+262980b9-7dd9-420f-bb67-14bccc773e93,+67cf60c2-80c0-4834-96dc-2822f9a17ae3,+0c4e1e96-1f4b-4a41-ba81-9e239a948fe0,+cf098e8c-2af9-4fe6-a88a-46c59bac9f2d,+2bfc67d5-4447-4208-926b-a0ba98e90df9,
,,,,,+fc8b9e55-7429-41f6-a4e4-c2485ce26ac2,+032bedca-52ba-4411-a652-2528330584bb,+c907d5d4-a458-4e02-bcbd-55b054c1e02f,+75a5d588-2038-4b51-afd2-030904be6583,+df566582-7dc6-4edc-97b3-5291fe7c2914,
,,,,,+d028362a-728f-4a27-8a2c-80d025cf6195,+de85ea7f-2b07-407b-9839-89546c1c0027,+8c28db0c-a725-443a-9f50-2a017c6aa15f,+37074be2-d185-4e19-baa5-f53edbcacaf7,+d6fd4a97-52c2-4b90-8c9b-a0e2d9cdc994,
,,,,,+95f1a354-8825-4f57-998f-f3c0b13e53c5,+2f8ea4c6-b2e3-4742-b79e-279abd40c567,+041b8109-73d3-45c2-a7df-ecb67d06e06f,+b295ff53-042e-46ce-8308-83f2ab6b897d,+c9c46dc9-2b67-4ad8-a921-00ef3ca0cfa5,
,,,,,+2967765d-77f4-4f1d-9303-db3b7fd02d3f,+0d5e53bd-6e6a-4645-abb9-b014592a7949,+8f1721f8-7968-41ae-b231-b0e9ed549e18,+730545f7-48d8-43a0-8768-c08d06e58099,+54921ba6-55e5-4eef-85c5-02ae8f181ef6,
,,,,,+6e3ab857-7080-41b2-a623-b7655b9b675c,+2f8bdbbe-8d1e-4008-a1a1-e8ab74e5227d,+8145f639-d9be-4cd0-aa4f-df2371968d3a,+87f39cd1-fe54-4ae7-9754-2c4f3cd09dc7,+97ed859a-27e1-4eea-aabe-b0dd3ea95e81,
,,,,,+d1968dfa-0607-42b6-82dd-8313883d8663,+61ab8c50-396b-435c-80e6-a1d7451be48b,+e3bfd028-306d-4cf4-ae91-01eca8d4dafc,+625baf98-16bb-4957-aed4-4594e6b845fe,+9bef2e9b-2002-4c00-87f4-0652257d58a9,
,,,,,+e35902bb-d6f4-40a8-8df1-d25ce2315cb8,+6641665f-95d8-4d69-a357-ba6222043282,+b7950b9d-0698-441d-a8c5-4534260b8699,+e185c179-3523-48a7-b466-eb723820a7a7,+7feedf74-37c0-41aa-acc5-5386331c0f6b,
,,,,,+e36ac142-6907-4810-b98d-bb755d79bcc4,+9e8f73a1-667b-4c1e-b388-14b4de3f8089,+a3003939-5b9f-435b-bf28-90b40e4e3934,+a30052b8-c74b-4297-80e9-f743046f6c78,+072b33b7-b9cd-4e77-ae4d-8b5bcb6784b6,
,,,,,+3a4b4918-f25e-49b2-9214-46db8e20ca48,+9faacf12-3bac-4685-85ac-883b91c14896,+c378b67f-bea6-4da0-98ca-041b36b4fc73,+8b9502dd-ecbc-4906-b7cb-5121e438f594,+78d9c4cb-605a-4808-9415-335c40903683,
,,,,,+789eeaa1-bd64-4421-86bc-713ee2b93856,+c2a3fc70-753a-4702-b686-f168a940a258,+31c57eec-917a-4d54-858c-20b0bce968f6,+b7d22368-ae75-4451-a7ba-a53b2bd1693b,+61e87ecc-cd14-4beb-93a5-d76fae07d12c,
,,,,,+c7aaf7d4-b8fe-4b61-b89f-2f91924d89b9,+e4c14178-c88d-415e-8e1d-c43e73f74920,+077993a6-c30d-4a52-a815-9dacad1341b5,+8e016d53-e872-43a0-8e64-82e7c3e1564f,+817640b7-0e4f-4750-86b1-a9557a297266,
,,,,,+42a6a430-266b-4eff-8ce0-eb91ab23a410,+ccf86a1c-db8c-4649-b21e-5e3c0fb0ecce,+b2e193a0-a8d5-4b6c-8a8c-c68f2a31226f,+59679c07-dd2f-457a-bb71-511320ade26b,+da01be6d-8caa-47bd-936a-135876d47cf6,
,,,,,+23bf0064-7307-4373-ac9b-befdcbaf4a9f,+ed2e9204-03ab-45ec-9846-12c7891f4fcc,+6872541c-24a0-4824-a961-2debd11a10d5,+5f444569-4194-458e-a990-279d4e58479d,+c3bb78f3-b685-4afc-82a8-926cbb29420d,
,,,,,+6337594d-58e0-4a36-ae11-d8f35b179049,+415e99a9-3425-4a9a-8cfb-16c662799315,+ace48382-bca2-4e01-a398-b382e95bf171,+cfbdf733-e42f-4d0f-a087-005e832e7853,+6b906d51-885f-4298-9494-630ed3dbd787,
,,,,,+f944448f-960b-450c-b17d-d878240e6bd2,+0959b89d-f6c3-411f-b3a4-e5bc8c9a369e,+83e49854-52c8-4239-a668-2c89bc18a071,+5c2dfcb7-9608-4471-b4f6-e0233911ba88,+aa7c6b2e-0817-4e7e-9178-25c525ebe655,
,,,,,+e3190716-b794-4e7c-b078-814d40a08c36,+5a21e60b-fd2f-471d-9e8b-30db5550e79c,+907626cc-d3af-4a48-ac7d-76e86c285317,+90c35a0c-f804-4b1c-acb7-9712bd2c403f,+5d89b3c8-2249-4385-853f-3245585b7988,
,,,,,+e3d1041b-0d89-47f5-96f0-3fd836c6c183,+c63fe744-0c7c-4b61-ba4f-33a320996e31,+47ccb6ca-7159-49db-b123-765e82653e50,+23d9f57d-d260-4822-86ed-420057937106,+9b917d17-730f-4737-8dac-44cc64c1ec09,
,,,,,+de03e593-8961-49dc-ba79-f2c2fc2c704c,+712afc2d-7c9f-4e8e-b38f-1cfd73f97020,+d52ccdfd-4d16-4915-8e7a-edf72f179771,+9e5fbade-804d-4b94-a091-c026047a96c9,+707a8ec4-ce17-4801-ab0f-6d157d399e38,
,,,,,+17d682c7-b8d3-4efc-abb8-1c003104d74a,+4bbc7484-bd1d-41ae-a71a-2119fa8f15c8,+1f3d9006-ae48-440a-8626-2874af6dd29e,+267dfb97-84a3-42a1-9992-5be769325285,+4fc44c4c-9eb3-4a1e-bd48-6f3fb5811405,
,,,,,+dd876aeb-4566-4e5d-a551-b9cdf6022ec7,+96718bfe-63b7-4897-8245-4edcf6d943cd,+000edf7b-2455-4d0c-bd95-78a1f7693d5b,+e6b9940c-dc0f-4a48-a62d-5ccab8e2b124,+60603faa-85e0-4e8d-ab22-553d2eefc45c,
,,,,,+ea7c78d8-07c5-4a72-9a3f-0fe9d9d130ed,+12d53093-d773-4356-95cf-b954cc93e2a4,+5224dfca-95fa-48f2-afc3-0eb0da031cfe,+2f631d3f-a65a-4d6a-8685-2b58a8d2f567,+e5479aa6-f831-4eec-9a96-5dbefab63907,
,,,,,+2656dbb5-1859-49ac-b771-3a6856d0b2bc,+4520576a-558f-4e2a-ba45-4c804224f20f,+71a53ea9-7a98-4145-9e6c-f5f6d7928280,+e8d6a946-a548-4422-a36d-42a0414ff1cf,+06d04ca6-66e1-42e9-8b38-cf0fc266b3d0,
,,,,,+6ab30a93-906f-45c3-8a88-ce62fdd04eb1,+19c4f3bb-4646-4ce7-82ab-21abcd032a86,+eee48c10-9a50-434c-8dde-0ea3601b8ce2,+8c11ef3c-316d-4f2e-a7cf-feda21eb63bb,+dd329013-47bf-4628-a324-e60943594fd4,
,,,,,+7f8bb47b-cf69-460f-9275-261f4179f478,+16440b23-bcb0-4902-aa57-b861926352a5,+94bdd632-af55-45a4-b4ef-ca9fb28bb412,+3927e6a6-a040-40fb-a8f2-6078974540a2,+3f94c9b3-c30d-4f00-ac51-e3d79732f860,
,,,,,+4309da8a-e1e6-4863-a42e-e26e40512367,+9d88f827-9300-4588-bc6f-7edca01dfeb7,+98413d48-326c-4b07-946c-87b5a57ccd0c,,,
