<xml xmlns:o="urn:schemas-microsoft-com:office:office">
 <o:MainFile HRef="../Help.html"/>
 <o:File HRef="item0001.xml"/>
 <o:File HRef="props0002.xml"/>
 <o:File HRef="themedata.thmx"/>
 <o:File HRef="colorschememapping.xml"/>
 <o:File HRef="image001.gif"/>
 <o:File HRef="image002.gif"/>
 <o:File HRef="image003.png"/>
 <o:File HRef="image004.jpg"/>
 <o:File HRef="image005.gif"/>
 <o:File HRef="image006.png"/>
 <o:File HRef="image007.jpg"/>
 <o:File HRef="image008.jpg"/>
 <o:File HRef="image009.png"/>
 <o:File HRef="image010.jpg"/>
 <o:File HRef="image011.gif"/>
 <o:File HRef="image012.gif"/>
 <o:File HRef="image013.png"/>
 <o:File HRef="image014.jpg"/>
 <o:File HRef="image015.gif"/>
 <o:File HRef="image016.gif"/>
 <o:File HRef="image017.png"/>
 <o:File HRef="image018.jpg"/>
 <o:File HRef="image019.gif"/>
 <o:File HRef="image020.png"/>
 <o:File HRef="image021.jpg"/>
 <o:File HRef="image022.gif"/>
 <o:File HRef="image023.gif"/>
 <o:File HRef="image024.png"/>
 <o:File HRef="image025.jpg"/>
 <o:File HRef="image026.png"/>
 <o:File HRef="image027.jpg"/>
 <o:File HRef="image028.png"/>
 <o:File HRef="image029.jpg"/>
 <o:File HRef="image030.png"/>
 <o:File HRef="image031.jpg"/>
 <o:File HRef="image032.png"/>
 <o:File HRef="image033.jpg"/>
 <o:File HRef="image034.gif"/>
 <o:File HRef="image035.gif"/>
 <o:File HRef="image036.gif"/>
 <o:File HRef="image037.gif"/>
 <o:File HRef="image038.gif"/>
 <o:File HRef="image039.gif"/>
 <o:File HRef="image040.gif"/>
 <o:File HRef="image041.gif"/>
 <o:File HRef="image042.gif"/>
 <o:File HRef="image043.gif"/>
 <o:File HRef="image044.png"/>
 <o:File HRef="image045.jpg"/>
 <o:File HRef="image046.gif"/>
 <o:File HRef="image047.gif"/>
 <o:File HRef="image048.gif"/>
 <o:File HRef="image049.gif"/>
 <o:File HRef="image050.gif"/>
 <o:File HRef="image051.png"/>
 <o:File HRef="image052.jpg"/>
 <o:File HRef="image053.gif"/>
 <o:File HRef="image054.png"/>
 <o:File HRef="image055.jpg"/>
 <o:File HRef="image056.gif"/>
 <o:File HRef="image057.gif"/>
 <o:File HRef="image058.gif"/>
 <o:File HRef="image059.png"/>
 <o:File HRef="image060.jpg"/>
 <o:File HRef="image061.gif"/>
 <o:File HRef="image062.gif"/>
 <o:File HRef="image063.gif"/>
 <o:File HRef="image064.png"/>
 <o:File HRef="image065.jpg"/>
 <o:File HRef="image066.gif"/>
 <o:File HRef="image067.gif"/>
 <o:File HRef="image068.png"/>
 <o:File HRef="image069.jpg"/>
 <o:File HRef="image070.gif"/>
 <o:File HRef="image071.gif"/>
 <o:File HRef="image072.png"/>
 <o:File HRef="image073.jpg"/>
 <o:File HRef="image074.gif"/>
 <o:File HRef="image075.gif"/>
 <o:File HRef="image076.gif"/>
 <o:File HRef="image077.gif"/>
 <o:File HRef="image078.png"/>
 <o:File HRef="image079.jpg"/>
 <o:File HRef="image080.gif"/>
 <o:File HRef="image081.gif"/>
 <o:File HRef="image082.jpg"/>
 <o:File HRef="image083.png"/>
 <o:File HRef="image084.jpg"/>
 <o:File HRef="filelist.xml"/>
</xml>