﻿<?xml version="1.0" encoding="utf-8"?>
<publishData>
  <publishProfile publishUrl="C:\Inetpub\XTExam_published" deleteExistingFiles="True" ftpAnonymousLogin="False" ftpPassiveMode="True" msdeploySite="" msdeploySiteID="" msdeployRemoteSitePhysicalPath="" msdeployAllowUntrustedCertificate="False" msdeploySkipExtraFilesOnServer="True" msdeployMarkAsApp="False" profileName="toPublishDir" publishMethod="FileSystem" replaceMatchingFiles="False" userName="" savePWD="False" userPWD="" SelectedForPublish="True">
    <file relUrl="Pages/Help.files/image030.png" publishTime="06/01/2010 16:25:38" />
    <file relUrl="Default.aspx" publishTime="06/01/2010 19:14:48" />
    <file relUrl="Pages/Results_Pack/byHallName.aspx" publishTime="06/01/2010 16:20:46" />
    <file relUrl="Pages/Help.files/image001.gif" publishTime="06/01/2010 16:25:38" />
    <file relUrl="Account/Web.config" publishTime="05/14/2010 15:03:06" />
    <file relUrl="Pages/Help.files/image016.gif" publishTime="06/01/2010 16:25:38" />
    <file relUrl="Pages/Help.files/image022.gif" publishTime="06/01/2010 16:25:38" />
    <file relUrl="Pages/Help.files/image077.gif" publishTime="06/01/2010 16:25:40" />
    <file relUrl="Pages/Help.files/image019.gif" publishTime="06/01/2010 16:25:38" />
    <file relUrl="Pages/Help.files/image040.gif" publishTime="06/01/2010 16:25:38" />
    <file relUrl="bin/SGCC_NX_UUMP.dll" publishTime="05/19/2011 09:18:02" />
    <file relUrl="downLoadAX.aspx" publishTime="06/01/2010 17:55:46" />
    <file relUrl="Pages/Help.files/image010.jpg" publishTime="06/01/2010 16:25:38" />
    <file relUrl="Pages/Help.files/image049.gif" publishTime="06/01/2010 16:25:38" />
    <file relUrl="Pages/Help.files/image039.gif" publishTime="06/01/2010 16:25:38" />
    <file relUrl="Pages/Help.files/image011.gif" publishTime="06/01/2010 16:25:38" />
    <file relUrl="Pages/Help.files/image065.jpg" publishTime="06/01/2010 16:25:40" />
    <file relUrl="Web.config" publishTime="05/20/2011 15:54:03" />
    <file relUrl="bin/XTExam100505_Web.dll" publishTime="05/20/2011 17:00:53" />
    <file relUrl="Pages/Help.files/image027.jpg" publishTime="06/01/2010 16:25:38" />
    <file relUrl="bin/XTExam100505.CodeSharing.Server.dll" publishTime="05/20/2011 15:42:21" />
    <file relUrl="Pages/Help.files/image043.gif" publishTime="06/01/2010 16:25:38" />
    <file relUrl="Pages/Help.files/image053.gif" publishTime="06/01/2010 16:25:38" />
    <file relUrl="Pages/Help.files/image003.png" publishTime="06/01/2010 16:25:38" />
    <file relUrl="Pages/Help.files/image008.jpg" publishTime="06/01/2010 16:25:38" />
    <file relUrl="ClientBin/System.Windows.Controls.Data.Input.zip" publishTime="05/20/2011 15:26:45" />
    <file relUrl="Pages/Help.files/image070.gif" publishTime="06/01/2010 16:25:40" />
    <file relUrl="Pages/Help.files/image084.jpg" publishTime="06/01/2010 16:25:40" />
    <file relUrl="Global.asax" publishTime="05/14/2010 15:03:06" />
    <file relUrl="Pages/Help.files/image032.png" publishTime="06/01/2010 16:25:38" />
    <file relUrl="Services/Service_HallExam.svc" publishTime="05/27/2010 15:34:20" />
    <file relUrl="Pages/Help.files/image028.png" publishTime="06/01/2010 16:25:38" />
    <file relUrl="Pages/Help.files/image048.gif" publishTime="06/01/2010 16:25:38" />
    <file relUrl="Pages/Help.files/filelist.xml" publishTime="06/01/2010 16:25:40" />
    <file relUrl="Account/Register.aspx" publishTime="05/14/2010 15:03:06" />
    <file relUrl="ClientBin/System.Windows.Controls.Navigation.zip" publishTime="05/20/2011 15:26:45" />
    <file relUrl="Pages/Help.files/image037.gif" publishTime="06/01/2010 16:25:38" />
    <file relUrl="Styles/Site.css" publishTime="05/14/2010 15:03:06" />
    <file relUrl="Pages/Help.files/image042.gif" publishTime="06/01/2010 16:25:38" />
    <file relUrl="ClientBin/image/folder_16.PNG" publishTime="05/18/2010 10:14:46" />
    <file relUrl="Pages/Help.files/image072.png" publishTime="06/01/2010 16:25:40" />
    <file relUrl="Pages/Help.files/image063.gif" publishTime="06/01/2010 16:25:38" />
    <file relUrl="Pages/Help.files/image013.png" publishTime="06/01/2010 16:25:38" />
    <file relUrl="Pages/Help.html" publishTime="06/01/2010 16:25:40" />
    <file relUrl="Scripts/jquery-1.4.1.min.js" publishTime="05/14/2010 15:03:06" />
    <file relUrl="Pages/Help.files/image051.png" publishTime="06/01/2010 16:25:38" />
    <file relUrl="Pages/Results_Pack/byOrgPath.aspx" publishTime="06/01/2010 09:44:12" />
    <file relUrl="Scripts/jquery-1.4.1.js" publishTime="05/14/2010 15:03:06" />
    <file relUrl="Pages/Help.files/image002.gif" publishTime="06/01/2010 16:25:38" />
    <file relUrl="ClientBin/System.ComponentModel.DataAnnotations.zip" publishTime="05/20/2011 15:26:45" />
    <file relUrl="Pages/Help.files/image004.jpg" publishTime="06/01/2010 16:25:38" />
    <file relUrl="Pages/Help.files/image023.gif" publishTime="06/01/2010 16:25:38" />
    <file relUrl="Pages/Help.files/image064.png" publishTime="06/01/2010 16:25:38" />
    <file relUrl="Services/Service_BaseProfiles.svc" publishTime="05/17/2010 11:08:12" />
    <file relUrl="Pages/Help.files/image026.png" publishTime="06/01/2010 16:25:38" />
    <file relUrl="Pages/Help.files/image038.gif" publishTime="06/01/2010 16:25:38" />
    <file relUrl="bin/SGCC_NX_UUMP.pdb" publishTime="05/19/2011 09:18:02" />
    <file relUrl="Services/Service_HallAdmin.svc" publishTime="05/26/2010 17:10:32" />
    <file relUrl="Pages/Help.files/image052.jpg" publishTime="06/01/2010 16:25:38" />
    <file relUrl="Pages/Help.files/image012.gif" publishTime="06/01/2010 16:25:38" />
    <file relUrl="Pages/Help.files/image015.gif" publishTime="06/01/2010 16:25:38" />
    <file relUrl="Pages/Help.files/image025.jpg" publishTime="06/01/2010 16:25:38" />
    <file relUrl="Pages/Help.files/image081.gif" publishTime="06/01/2010 16:25:40" />
    <file relUrl="Services/Service_Auditing.svc" publishTime="05/31/2010 11:14:32" />
    <file relUrl="Pages/Help.files/image036.gif" publishTime="06/01/2010 16:25:38" />
    <file relUrl="Pages/Help.files/image035.gif" publishTime="06/01/2010 16:25:38" />
    <file relUrl="Scripts/jquery-1.4.1-vsdoc.js" publishTime="05/14/2010 15:03:06" />
    <file relUrl="Services/Service_User.svc" publishTime="05/14/2010 15:14:10" />
    <file relUrl="Pages/Help.files/image024.png" publishTime="06/01/2010 16:25:38" />
    <file relUrl="ClientBin/image/depot_16.PNG" publishTime="05/20/2010 20:55:34" />
    <file relUrl="Pages/Help.files/image055.jpg" publishTime="06/01/2010 16:25:38" />
    <file relUrl="Pages/Help.files/image009.png" publishTime="06/01/2010 16:25:38" />
    <file relUrl="Pages/Help.files/image080.gif" publishTime="06/01/2010 16:25:40" />
    <file relUrl="Pages/Help.files/image034.gif" publishTime="06/01/2010 16:25:38" />
    <file relUrl="ClientBin/XTExam100505.xap" publishTime="05/20/2011 17:00:57" />
    <file relUrl="Site.Master" publishTime="05/14/2010 15:03:06" />
    <file relUrl="Pages/Help.files/image033.jpg" publishTime="06/01/2010 16:25:38" />
    <file relUrl="Pages/Help.files/image047.gif" publishTime="06/01/2010 16:25:38" />
    <file relUrl="Pages/Help.files/image020.png" publishTime="06/01/2010 16:25:38" />
    <file relUrl="Pages/Help.files/image050.gif" publishTime="06/01/2010 16:25:38" />
    <file relUrl="Pages/Help.files/image073.jpg" publishTime="06/01/2010 16:25:40" />
    <file relUrl="Pages/Help.files/colorschememapping.xml" publishTime="06/01/2010 16:25:38" />
    <file relUrl="Pages/Help.files/image068.png" publishTime="06/01/2010 16:25:40" />
    <file relUrl="Default0.aspx" publishTime="05/26/2010 08:27:52" />
    <file relUrl="Pages/Help.files/item0001.xml" publishTime="06/01/2010 16:25:38" />
    <file relUrl="About.aspx" publishTime="05/14/2010 15:03:06" />
    <file relUrl="Pages/Help.files/image075.gif" publishTime="06/01/2010 16:25:40" />
    <file relUrl="Pages/Help.files/image083.png" publishTime="06/01/2010 16:25:40" />
    <file relUrl="Pages/Help.files/image045.jpg" publishTime="06/01/2010 16:25:38" />
    <file relUrl="Pages/Help.files/image061.gif" publishTime="06/01/2010 16:25:38" />
    <file relUrl="bin/XTExam100505.CodeSharing.Server.pdb" publishTime="05/20/2011 15:42:21" />
    <file relUrl="Pages/Help.files/image007.jpg" publishTime="06/01/2010 16:25:38" />
    <file relUrl="bin/XTExam100505_Web.pdb" publishTime="05/20/2011 17:00:53" />
    <file relUrl="Pages/Help.files/image029.jpg" publishTime="06/01/2010 16:25:38" />
    <file relUrl="Pages/Help.files/image082.jpg" publishTime="06/01/2010 16:25:40" />
    <file relUrl="Pages/Help.files/image057.gif" publishTime="06/01/2010 16:25:38" />
    <file relUrl="Account/ChangePassword.aspx" publishTime="05/14/2010 15:03:06" />
    <file relUrl="Pages/Help.files/image046.gif" publishTime="06/01/2010 16:25:38" />
    <file relUrl="ClientBin/XTExam100505.CodeSharing.Client.xap" publishTime="05/20/2011 15:42:20" />
    <file relUrl="Pages/Help.files/image058.gif" publishTime="06/01/2010 16:25:38" />
    <file relUrl="Pages/Help.files/image067.gif" publishTime="06/01/2010 16:25:40" />
    <file relUrl="ClientBin/System.Windows.Controls.Data.zip" publishTime="05/20/2011 15:26:45" />
    <file relUrl="Pages/Help.files/image069.jpg" publishTime="06/01/2010 16:25:40" />
    <file relUrl="Pages/Help.files/image021.jpg" publishTime="06/01/2010 16:25:38" />
    <file relUrl="Pages/Help.files/image018.jpg" publishTime="06/01/2010 16:25:38" />
    <file relUrl="Pages/Help.files/image017.png" publishTime="06/01/2010 16:25:38" />
    <file relUrl="Pages/Help.files/image076.gif" publishTime="06/01/2010 16:25:40" />
    <file relUrl="Pages/Help.files/image054.png" publishTime="06/01/2010 16:25:38" />
    <file relUrl="Pages/Help.files/image056.gif" publishTime="06/01/2010 16:25:38" />
    <file relUrl="ClientBin/System.Windows.Controls.zip" publishTime="05/20/2011 15:26:45" />
    <file relUrl="Pages/Help.files/image006.png" publishTime="06/01/2010 16:25:38" />
    <file relUrl="bin/Novell.Directory.Ldap.dll" publishTime="03/14/2008 12:31:00" />
    <file relUrl="ClientBin/image/file_16.PNG" publishTime="05/18/2010 10:14:46" />
    <file relUrl="Pages/Help.files/props0002.xml" publishTime="06/01/2010 16:25:38" />
    <file relUrl="Pages/Help.files/image071.gif" publishTime="06/01/2010 16:25:40" />
    <file relUrl="Pages/Help.files/image014.jpg" publishTime="06/01/2010 16:25:38" />
    <file relUrl="Account/Login.aspx" publishTime="05/14/2010 15:03:06" />
    <file relUrl="Account/ChangePasswordSuccess.aspx" publishTime="05/14/2010 15:03:06" />
    <file relUrl="Pages/Help.files/image066.gif" publishTime="06/01/2010 16:25:40" />
    <file relUrl="Pages/Help.files/image005.gif" publishTime="06/01/2010 16:25:38" />
    <file relUrl="Pages/Help.files/image074.gif" publishTime="06/01/2010 16:25:40" />
    <file relUrl="Pages/Help.files/image059.png" publishTime="06/01/2010 16:25:38" />
    <file relUrl="Pages/Help.files/image079.jpg" publishTime="06/01/2010 16:25:40" />
    <file relUrl="Pages/Help.files/image031.jpg" publishTime="06/01/2010 16:25:38" />
    <file relUrl="Pages/Help.files/image041.gif" publishTime="06/01/2010 16:25:38" />
    <file relUrl="Pages/Help.files/image044.png" publishTime="06/01/2010 16:25:38" />
    <file relUrl="ClientBin/System.Windows.Data.zip" publishTime="05/20/2011 15:26:45" />
    <file relUrl="Silverlight.js" publishTime="06/08/2010 13:12:20" />
    <file relUrl="Pages/Help.files/image062.gif" publishTime="06/01/2010 16:25:38" />
    <file relUrl="Services/Service_Announcements.svc" publishTime="05/15/2011 14:12:48" />
    <file relUrl="Pages/Help.files/image078.png" publishTime="06/01/2010 16:25:40" />
    <file relUrl="Services/subjectImage.aspx" publishTime="05/23/2010 16:44:52" />
    <file relUrl="Services/Service_Depot.svc" publishTime="05/20/2010 20:23:08" />
    <file relUrl="Pages/Help.files/image060.jpg" publishTime="06/01/2010 16:25:38" />
    <file relUrl="Pages/Results.aspx" publishTime="06/01/2010 09:45:28" />
  </publishProfile>
</publishData>